[{"model": "polls.classroom", "pk": 8, "fields": {"class_number": "9/2"}}, {"model": "polls.classroom", "pk": 9, "fields": {"class_number": "9/1"}}, {"model": "polls.classroom", "pk": 11, "fields": {"class_number": "8/2"}}, {"model": "polls.classroom", "pk": 12, "fields": {"class_number": "8/1"}}, {"model": "polls.subject", "pk": 1, "fields": {"subject_name": "mathematics"}}, {"model": "polls.subject", "pk": 2, "fields": {"subject_name": "literature"}}, {"model": "polls.subject", "pk": 3, "fields": {"subject_name": "science"}}, {"model": "polls.exam", "pk": 1, "fields": {"exam_title": "science prepration", "exam_subject": 3, "exam_date": "2020-07-14T08:59:51"}}, {"model": "polls.exam", "pk": 2, "fields": {"exam_title": "math midterm", "exam_subject": 1, "exam_date": "2020-07-03T09:02:06"}}, {"model": "polls.exam", "pk": 3, "fields": {"exam_title": "mianterm riazi", "exam_subject": 1, "exam_date": "2020-07-15T21:39:43"}}, {"model": "contenttypes.contenttype", "pk": 1, "fields": {"app_label": "admin", "model": "logentry"}}, {"model": "contenttypes.contenttype", "pk": 2, "fields": {"app_label": "auth", "model": "permission"}}, {"model": "contenttypes.contenttype", "pk": 3, "fields": {"app_label": "auth", "model": "group"}}, {"model": "contenttypes.contenttype", "pk": 4, "fields": {"app_label": "auth", "model": "user"}}, {"model": "contenttypes.contenttype", "pk": 5, "fields": {"app_label": "contenttypes", "model": "contenttype"}}, {"model": "contenttypes.contenttype", "pk": 6, "fields": {"app_label": "sessions", "model": "session"}}, {"model": "contenttypes.contenttype", "pk": 7, "fields": {"app_label": "polls", "model": "choice"}}, {"model": "contenttypes.contenttype", "pk": 8, "fields": {"app_label": "polls", "model": "question"}}, {"model": "contenttypes.contenttype", "pk": 9, "fields": {"app_label": "polls", "model": "student"}}, {"model": "contenttypes.contenttype", "pk": 10, "fields": {"app_label": "polls", "model": "classes"}}, {"model": "contenttypes.contenttype", "pk": 11, "fields": {"app_label": "polls", "model": "teacher"}}, {"model": "contenttypes.contenttype", "pk": 12, "fields": {"app_label": "polls", "model": "classroom"}}, {"model": "contenttypes.contenttype", "pk": 13, "fields": {"app_label": "polls", "model": "score"}}, {"model": "contenttypes.contenttype", "pk": 14, "fields": {"app_label": "polls", "model": "exam"}}, {"model": "contenttypes.contenttype", "pk": 15, "fields": {"app_label": "polls", "model": "branch"}}, {"model": "contenttypes.contenttype", "pk": 16, "fields": {"app_label": "polls", "model": "subject"}}, {"model": "sessions.session", "pk": "3qutycm9wxfhhds3yifi4ejpsu8jum0h", "fields": {"session_data": "ZWUyMmExOWVjMzVkN2E3MzdiZDE3MzRhMDJiODBmZWUzMDk1ODJhZTp7Il9hdXRoX3VzZXJfaWQiOiIzMiIsIl9hdXRoX3VzZXJfYmFja2VuZCI6ImRqYW5nby5jb250cmliLmF1dGguYmFja2VuZHMuTW9kZWxCYWNrZW5kIiwiX2F1dGhfdXNlcl9oYXNoIjoiMDQ5ZmViMmVhMThhYzE5MDA5YTEyNzVhZjMxYzFhZDk1NjcxYjdiZSJ9", "expire_date": "2020-07-20T21:28:08.606"}}, {"model": "sessions.session", "pk": "ecj096c10tjuuwzgbgv26n5d2lrzkx5i", "fields": {"session_data": "MGI5OGZjMmI2Y2ZkMWNjMjUzMGZhODc0MTg0YzE2MzEwNzdkZDJiYzp7Il9hdXRoX3VzZXJfaWQiOiI0MiIsIl9hdXRoX3VzZXJfYmFja2VuZCI6ImRqYW5nby5jb250cmliLmF1dGguYmFja2VuZHMuTW9kZWxCYWNrZW5kIiwiX2F1dGhfdXNlcl9oYXNoIjoiMWExMWE3NDE5YzZlOTk5MDUxZGFlYTRmNDQ2YTNiNzUzODBkZDZiMiJ9", "expire_date": "2020-07-17T21:41:25.351"}}, {"model": "sessions.session", "pk": "jbfyrsb0xajh8hvyuumuc0kfezudkwpa", "fields": {"session_data": "YTZiNDRhYzU0Y2FjYmMyZGRjN2MxMjc4ZWIwNDgyNGQyN2RmNmQwMDp7Il9hdXRoX3VzZXJfaWQiOiI5IiwiX2F1dGhfdXNlcl9iYWNrZW5kIjoiZGphbmdvLmNvbnRyaWIuYXV0aC5iYWNrZW5kcy5Nb2RlbEJhY2tlbmQiLCJfYXV0aF91c2VyX2hhc2giOiI5ZTU2YjE0ZGI0YmE2NmZlYTUwMjNlN2E2NzdhMjM3MWQ2ZjA3M2Q1In0=", "expire_date": "2020-07-17T14:15:20.005"}}, {"model": "sessions.session", "pk": "thb3vqrlptu8xvu1jo9wau3s92tc75i6", "fields": {"session_data": "YjZiM2M0MGUzNjdkMWRiZTJmNWFjZWFiMjNhM2YzZjhhN2FhYWEwODp7Il9hdXRoX3VzZXJfaWQiOiIxIiwiX2F1dGhfdXNlcl9iYWNrZW5kIjoiZGphbmdvLmNvbnRyaWIuYXV0aC5iYWNrZW5kcy5Nb2RlbEJhY2tlbmQiLCJfYXV0aF91c2VyX2hhc2giOiJjNzgxMGI2YmE1NjI2MDFhNTA2ODE4MjMwMmFjMzNlYjUxMjA5NGRiIn0=", "expire_date": "2020-07-13T09:46:43.141"}}, {"model": "auth.permission", "pk": 1, "fields": {"name": "Can add log entry", "content_type": 1, "codename": "add_logentry"}}, {"model": "auth.permission", "pk": 2, "fields": {"name": "Can change log entry", "content_type": 1, "codename": "change_logentry"}}, {"model": "auth.permission", "pk": 3, "fields": {"name": "Can delete log entry", "content_type": 1, "codename": "delete_logentry"}}, {"model": "auth.permission", "pk": 4, "fields": {"name": "Can view log entry", "content_type": 1, "codename": "view_logentry"}}, {"model": "auth.permission", "pk": 5, "fields": {"name": "Can add permission", "content_type": 2, "codename": "add_permission"}}, {"model": "auth.permission", "pk": 6, "fields": {"name": "Can change permission", "content_type": 2, "codename": "change_permission"}}, {"model": "auth.permission", "pk": 7, "fields": {"name": "Can delete permission", "content_type": 2, "codename": "delete_permission"}}, {"model": "auth.permission", "pk": 8, "fields": {"name": "Can view permission", "content_type": 2, "codename": "view_permission"}}, {"model": "auth.permission", "pk": 9, "fields": {"name": "Can add group", "content_type": 3, "codename": "add_group"}}, {"model": "auth.permission", "pk": 10, "fields": {"name": "Can change group", "content_type": 3, "codename": "change_group"}}, {"model": "auth.permission", "pk": 11, "fields": {"name": "Can delete group", "content_type": 3, "codename": "delete_group"}}, {"model": "auth.permission", "pk": 12, "fields": {"name": "Can view group", "content_type": 3, "codename": "view_group"}}, {"model": "auth.permission", "pk": 13, "fields": {"name": "Can add user", "content_type": 4, "codename": "add_user"}}, {"model": "auth.permission", "pk": 14, "fields": {"name": "Can change user", "content_type": 4, "codename": "change_user"}}, {"model": "auth.permission", "pk": 15, "fields": {"name": "Can delete user", "content_type": 4, "codename": "delete_user"}}, {"model": "auth.permission", "pk": 16, "fields": {"name": "Can view user", "content_type": 4, "codename": "view_user"}}, {"model": "auth.permission", "pk": 17, "fields": {"name": "Can add content type", "content_type": 5, "codename": "add_contenttype"}}, {"model": "auth.permission", "pk": 18, "fields": {"name": "Can change content type", "content_type": 5, "codename": "change_contenttype"}}, {"model": "auth.permission", "pk": 19, "fields": {"name": "Can delete content type", "content_type": 5, "codename": "delete_contenttype"}}, {"model": "auth.permission", "pk": 20, "fields": {"name": "Can view content type", "content_type": 5, "codename": "view_contenttype"}}, {"model": "auth.permission", "pk": 21, "fields": {"name": "Can add session", "content_type": 6, "codename": "add_session"}}, {"model": "auth.permission", "pk": 22, "fields": {"name": "Can change session", "content_type": 6, "codename": "change_session"}}, {"model": "auth.permission", "pk": 23, "fields": {"name": "Can delete session", "content_type": 6, "codename": "delete_session"}}, {"model": "auth.permission", "pk": 24, "fields": {"name": "Can view session", "content_type": 6, "codename": "view_session"}}, {"model": "auth.permission", "pk": 25, "fields": {"name": "Can add choice", "content_type": 7, "codename": "add_choice"}}, {"model": "auth.permission", "pk": 26, "fields": {"name": "Can change choice", "content_type": 7, "codename": "change_choice"}}, {"model": "auth.permission", "pk": 27, "fields": {"name": "Can delete choice", "content_type": 7, "codename": "delete_choice"}}, {"model": "auth.permission", "pk": 28, "fields": {"name": "Can view choice", "content_type": 7, "codename": "view_choice"}}, {"model": "auth.permission", "pk": 29, "fields": {"name": "Can add question", "content_type": 8, "codename": "add_question"}}, {"model": "auth.permission", "pk": 30, "fields": {"name": "Can change question", "content_type": 8, "codename": "change_question"}}, {"model": "auth.permission", "pk": 31, "fields": {"name": "Can delete question", "content_type": 8, "codename": "delete_question"}}, {"model": "auth.permission", "pk": 32, "fields": {"name": "Can view question", "content_type": 8, "codename": "view_question"}}, {"model": "auth.permission", "pk": 33, "fields": {"name": "Can add student", "content_type": 9, "codename": "add_student"}}, {"model": "auth.permission", "pk": 34, "fields": {"name": "Can change student", "content_type": 9, "codename": "change_student"}}, {"model": "auth.permission", "pk": 35, "fields": {"name": "Can delete student", "content_type": 9, "codename": "delete_student"}}, {"model": "auth.permission", "pk": 36, "fields": {"name": "Can view student", "content_type": 9, "codename": "view_student"}}, {"model": "auth.permission", "pk": 37, "fields": {"name": "Can add classes", "content_type": 10, "codename": "add_classes"}}, {"model": "auth.permission", "pk": 38, "fields": {"name": "Can change classes", "content_type": 10, "codename": "change_classes"}}, {"model": "auth.permission", "pk": 39, "fields": {"name": "Can delete classes", "content_type": 10, "codename": "delete_classes"}}, {"model": "auth.permission", "pk": 40, "fields": {"name": "Can view classes", "content_type": 10, "codename": "view_classes"}}, {"model": "auth.permission", "pk": 41, "fields": {"name": "Can add teacher", "content_type": 11, "codename": "add_teacher"}}, {"model": "auth.permission", "pk": 42, "fields": {"name": "Can change teacher", "content_type": 11, "codename": "change_teacher"}}, {"model": "auth.permission", "pk": 43, "fields": {"name": "Can delete teacher", "content_type": 11, "codename": "delete_teacher"}}, {"model": "auth.permission", "pk": 44, "fields": {"name": "Can view teacher", "content_type": 11, "codename": "view_teacher"}}, {"model": "auth.permission", "pk": 45, "fields": {"name": "Can add clas", "content_type": 12, "codename": "add_clas"}}, {"model": "auth.permission", "pk": 46, "fields": {"name": "Can change clas", "content_type": 12, "codename": "change_clas"}}, {"model": "auth.permission", "pk": 47, "fields": {"name": "Can delete clas", "content_type": 12, "codename": "delete_clas"}}, {"model": "auth.permission", "pk": 48, "fields": {"name": "Can view clas", "content_type": 12, "codename": "view_clas"}}, {"model": "auth.permission", "pk": 49, "fields": {"name": "Can add score", "content_type": 13, "codename": "add_score"}}, {"model": "auth.permission", "pk": 50, "fields": {"name": "Can change score", "content_type": 13, "codename": "change_score"}}, {"model": "auth.permission", "pk": 51, "fields": {"name": "Can delete score", "content_type": 13, "codename": "delete_score"}}, {"model": "auth.permission", "pk": 52, "fields": {"name": "Can view score", "content_type": 13, "codename": "view_score"}}, {"model": "auth.permission", "pk": 53, "fields": {"name": "Can add exam", "content_type": 14, "codename": "add_exam"}}, {"model": "auth.permission", "pk": 54, "fields": {"name": "Can change exam", "content_type": 14, "codename": "change_exam"}}, {"model": "auth.permission", "pk": 55, "fields": {"name": "Can delete exam", "content_type": 14, "codename": "delete_exam"}}, {"model": "auth.permission", "pk": 56, "fields": {"name": "Can view exam", "content_type": 14, "codename": "view_exam"}}, {"model": "auth.permission", "pk": 57, "fields": {"name": "Can add branch", "content_type": 15, "codename": "add_branch"}}, {"model": "auth.permission", "pk": 58, "fields": {"name": "Can change branch", "content_type": 15, "codename": "change_branch"}}, {"model": "auth.permission", "pk": 59, "fields": {"name": "Can delete branch", "content_type": 15, "codename": "delete_branch"}}, {"model": "auth.permission", "pk": 60, "fields": {"name": "Can view branch", "content_type": 15, "codename": "view_branch"}}, {"model": "auth.permission", "pk": 61, "fields": {"name": "Can add classroom", "content_type": 12, "codename": "add_classroom"}}, {"model": "auth.permission", "pk": 62, "fields": {"name": "Can change classroom", "content_type": 12, "codename": "change_classroom"}}, {"model": "auth.permission", "pk": 63, "fields": {"name": "Can delete classroom", "content_type": 12, "codename": "delete_classroom"}}, {"model": "auth.permission", "pk": 64, "fields": {"name": "Can view classroom", "content_type": 12, "codename": "view_classroom"}}, {"model": "auth.permission", "pk": 65, "fields": {"name": "Can add subject", "content_type": 16, "codename": "add_subject"}}, {"model": "auth.permission", "pk": 66, "fields": {"name": "Can change subject", "content_type": 16, "codename": "change_subject"}}, {"model": "auth.permission", "pk": 67, "fields": {"name": "Can delete subject", "content_type": 16, "codename": "delete_subject"}}, {"model": "auth.permission", "pk": 68, "fields": {"name": "Can view subject", "content_type": 16, "codename": "view_subject"}}, {"model": "auth.group", "pk": 1, "fields": {"name": "teacher", "permissions": [53, 54, 55, 56, 49, 50, 51, 52]}}, {"model": "auth.group", "pk": 2, "fields": {"name": "student", "permissions": [52]}}, {"model": "auth.group", "pk": 3, "fields": {"name": "head master", "permissions": [13, 14, 15, 16, 58, 61, 62, 63, 64, 53, 54, 55, 56, 49, 50, 51, 52, 33, 34, 35, 36, 65, 66, 67, 68, 41, 42, 43, 44]}}, {"model": "auth.user", "pk": 1, "fields": {"password": "pbkdf2_sha256$180000$lQQozK5sAeT0$1tPegaRm+qzM0HGmfZnu71rVpYzTivt98umNVAtzE/M=", "last_login": "2020-07-05T21:53:43.779", "is_superuser": true, "username": "admin", "first_name": "", "last_name": "", "email": "minekhorteam@gmail.com", "is_staff": true, "is_active": true, "date_joined": "2020-06-19T10:53:29.824", "groups": [], "user_permissions": []}}, {"model": "auth.user", "pk": 11, "fields": {"password": "pbkdf2_sha256$180000$xo3GCnP0AVhG$TlJPqk9y+WVHGLIU6+ukfPXXUyUYgjYcexlEThBATqE=", "last_login": null, "is_superuser": false, "username": "headmaster", "first_name": "samira", "last_name": "gholamzadeh", "email": "", "is_staff": true, "is_active": true, "date_joined": "2020-07-03T19:46:41", "groups": [3], "user_permissions": []}}, {"model": "auth.user", "pk": 12, "fields": {"password": "pbkdf2_sha256$180000$ttW8SkN87evS$Gw/lNN4ZPz0eiH+tJssbbetMMNAeuI0zbzZecZfDne0=", "last_login": null, "is_superuser": false, "username": "reza_farhadi", "first_name": "reza", "last_name": "farhadi", "email": "", "is_staff": true, "is_active": true, "date_joined": "2020-07-03T19:50:31", "groups": [2], "user_permissions": []}}, {"model": "auth.user", "pk": 13, "fields": {"password": "pbkdf2_sha256$180000$HHX1pn85zBwZ$kmXNISz/xey6OVlSGxVZ6l4C4Vs1TQKgQQUumROrilc=", "last_login": null, "is_superuser": false, "username": "asghar_hashemi", "first_name": "asghar", "last_name": "hashemi", "email": "", "is_staff": true, "is_active": true, "date_joined": "2020-07-03T19:51:50", "groups": [2], "user_permissions": []}}, {"model": "auth.user", "pk": 14, "fields": {"password": "pbkdf2_sha256$180000$PSe5uqJqqWND$Ry/yWohDKzbguVcq6xvEhxxvNjrzCQFSC7dhLlO1l/8=", "last_login": null, "is_superuser": false, "username": "ghasem_babaii", "first_name": "ghasem", "last_name": "babaii", "email": "", "is_staff": true, "is_active": true, "date_joined": "2020-07-03T19:53:25", "groups": [2], "user_permissions": []}}, {"model": "auth.user", "pk": 15, "fields": {"password": "pbkdf2_sha256$180000$ECX4ztUakmke$ScyyPOw8odHUHeJ9yW3NUnLgPH5evSTkj6nGW4KEwxI=", "last_login": null, "is_superuser": false, "username": "sina_tavasoli", "first_name": "sina", "last_name": "tavasoli", "email": "", "is_staff": true, "is_active": true, "date_joined": "2020-07-03T19:55:00", "groups": [2], "user_permissions": []}}, {"model": "auth.user", "pk": 16, "fields": {"password": "pbkdf2_sha256$180000$iyAdOx67b5Xu$9yXuCFH4Bsa44yISCWb+h5adEt90zlCC+Qh6hMG8CXE=", "last_login": "2020-07-05T21:40:24.608", "is_superuser": false, "username": "ali_ahangar", "first_name": "ali", "last_name": "ahangar", "email": "", "is_staff": true, "is_active": true, "date_joined": "2020-07-03T19:56:09", "groups": [2], "user_permissions": []}}, {"model": "auth.user", "pk": 17, "fields": {"password": "pbkdf2_sha256$180000$eLq9c0ceYC2Z$CBkWyhl8i1lhW8vffLifsSXHcSLcjSVFRoSHqWFd75U=", "last_login": null, "is_superuser": false, "username": "ilia_khayatan", "first_name": "ilia", "last_name": "khayatan", "email": "", "is_staff": true, "is_active": true, "date_joined": "2020-07-03T19:57:50", "groups": [2], "user_permissions": []}}, {"model": "auth.user", "pk": 18, "fields": {"password": "pbkdf2_sha256$180000$EY92uUDDdJW0$bclYVAyjvH4L5ngc7v6HGR7mB2Zc6R6seqJr1M6t/rA=", "last_login": null, "is_superuser": false, "username": "sam_shojaii", "first_name": "sam", "last_name": "shojaii", "email": "", "is_staff": true, "is_active": true, "date_joined": "2020-07-03T19:58:50", "groups": [2], "user_permissions": []}}, {"model": "auth.user", "pk": 19, "fields": {"password": "pbkdf2_sha256$180000$9r9vu5PBMf5V$B0T4/aGM7X28IJm8hnBxsnFBwv7AsqEpg6PAOzmi+so=", "last_login": null, "is_superuser": false, "username": "mahdi_saadat", "first_name": "mahdi", "last_name": "saadat", "email": "", "is_staff": true, "is_active": true, "date_joined": "2020-07-03T19:59:59", "groups": [2], "user_permissions": []}}, {"model": "auth.user", "pk": 20, "fields": {"password": "pbkdf2_sha256$180000$XYRFXAx0ZBYx$FJQg0dzydX4JL8tWsNypnLiv8eRvwEOlg7OJ0WeNFEc=", "last_login": null, "is_superuser": false, "username": "radin_moosavi", "first_name": "radin", "last_name": "moosavi", "email": "", "is_staff": true, "is_active": true, "date_joined": "2020-07-03T20:01:11", "groups": [2], "user_permissions": []}}, {"model": "auth.user", "pk": 21, "fields": {"password": "pbkdf2_sha256$180000$ll2dnZI9j5EH$c7qQi2ZKTFTvFK6AeisJG1UuBPSljtlrfKZtQp31a9w=", "last_login": null, "is_superuser": false, "username": "artin_farhadi", "first_name": "artin", "last_name": "farhadi", "email": "", "is_staff": true, "is_active": true, "date_joined": "2020-07-03T20:02:28", "groups": [2], "user_permissions": []}}, {"model": "auth.user", "pk": 22, "fields": {"password": "pbkdf2_sha256$180000$UUMoCaRI01tK$Z8uWAnCGoogH/AdJpunDBBjqvpnmiHI2zthkAA5n9Ho=", "last_login": null, "is_superuser": false, "username": "morteza_mamoori", "first_name": "morteza", "last_name": "mamoori", "email": "", "is_staff": true, "is_active": true, "date_joined": "2020-07-03T20:04:59", "groups": [2], "user_permissions": []}}, {"model": "auth.user", "pk": 23, "fields": {"password": "pbkdf2_sha256$180000$9TItywddLB6u$td3QjfU2QfQrL3Nef0NHPdvWR0ppweEOTX/HmclikUw=", "last_login": null, "is_superuser": false, "username": "farzad_talebi", "first_name": "farzad", "last_name": "talebi", "email": "", "is_staff": true, "is_active": true, "date_joined": "2020-07-03T20:06:59", "groups": [2], "user_permissions": []}}, {"model": "auth.user", "pk": 24, "fields": {"password": "pbkdf2_sha256$180000$ZjB5qqPR9Wnz$oCHStkvkPxEAfw+SiEdkMH0JAtYAP3d9x7jBRWeI9FI=", "last_login": "2020-07-03T21:40:31.167", "is_superuser": false, "username": "amirreza_keshavarz", "first_name": "amir reza", "last_name": "keshavarz", "email": "", "is_staff": true, "is_active": true, "date_joined": "2020-07-03T20:08:26", "groups": [2], "user_permissions": []}}, {"model": "auth.user", "pk": 25, "fields": {"password": "pbkdf2_sha256$180000$7jg4IF4D0Tie$xU1EqhAe1/cHeYxzilnRzD2a5fqFUSvdPwabgslsYBk=", "last_login": null, "is_superuser": false, "username": "jamshid_rezaii", "first_name": "jamshid", "last_name": "rezaii", "email": "", "is_staff": true, "is_active": true, "date_joined": "2020-07-03T20:09:41", "groups": [2], "user_permissions": []}}, {"model": "auth.user", "pk": 26, "fields": {"password": "pbkdf2_sha256$180000$LaeFsV7km3xG$hTCs42CALOXKmUc/0dPC8eY5zwi9cqpR025ZO0ZPsdc=", "last_login": null, "is_superuser": false, "username": "farbod_hooshmand", "first_name": "farbod", "last_name": "hooshmand", "email": "", "is_staff": true, "is_active": true, "date_joined": "2020-07-03T20:10:48", "groups": [2], "user_permissions": []}}, {"model": "auth.user", "pk": 27, "fields": {"password": "pbkdf2_sha256$180000$rFLat6PC4duk$QZOYaZzS4GkhNPLOvl/mPXLdnVK2nsWdZq7GkMWX2es=", "last_login": null, "is_superuser": false, "username": "rayan_rasooli", "first_name": "rayan", "last_name": "rasooli", "email": "", "is_staff": true, "is_active": true, "date_joined": "2020-07-03T20:14:13", "groups": [2], "user_permissions": []}}, {"model": "auth.user", "pk": 28, "fields": {"password": "pbkdf2_sha256$180000$aWd5Wv3pKhQA$qAhNo7BwCSGsIycCCSZO+BXgz1mw/WfRz7AbxfkTW4s=", "last_login": null, "is_superuser": false, "username": "parsa_karimi", "first_name": "parsa", "last_name": "karimi", "email": "", "is_staff": true, "is_active": true, "date_joined": "2020-07-03T20:22:43", "groups": [2], "user_permissions": []}}, {"model": "auth.user", "pk": 29, "fields": {"password": "pbkdf2_sha256$180000$JBJuBBM1s3f9$bXumCI8AqhUIR6OKr1R+3Hrd1SFafAaI5LKAjO2QFzg=", "last_login": null, "is_superuser": false, "username": "karim_parsaii", "first_name": "karim", "last_name": "parsaii", "email": "", "is_staff": true, "is_active": true, "date_joined": "2020-07-03T20:24:46", "groups": [2], "user_permissions": []}}, {"model": "auth.user", "pk": 30, "fields": {"password": "pbkdf2_sha256$180000$nFzYeUdQbkvT$p0LhaL886uA12o72qVwkMlSbN4LEezkxjpaoWZJ27yk=", "last_login": null, "is_superuser": false, "username": "omid_zargar", "first_name": "omid", "last_name": "zargar", "email": "", "is_staff": true, "is_active": true, "date_joined": "2020-07-03T20:25:41", "groups": [2], "user_permissions": []}}, {"model": "auth.user", "pk": 31, "fields": {"password": "pbkdf2_sha256$180000$wQnGrVUlmlyu$hTWaBDuZnls+gy1QxxBxAei4QJc+OC0ycXh7zxkYEWY=", "last_login": null, "is_superuser": false, "username": "khavar_khavari", "first_name": "khavar", "last_name": "khavari", "email": "", "is_staff": true, "is_active": true, "date_joined": "2020-07-03T20:27:50", "groups": [2], "user_permissions": []}}, {"model": "auth.user", "pk": 32, "fields": {"password": "pbkdf2_sha256$180000$dp1Kcjj0vwVz$dgItYl1w4Iyw85R2Wruq1s0DvKRGWXUt75brHRGAyMA=", "last_login": "2020-07-06T21:28:08.491", "is_superuser": false, "username": "maleki", "first_name": "reza", "last_name": "maleki", "email": "", "is_staff": true, "is_active": true, "date_joined": "2020-07-03T20:39:23", "groups": [1], "user_permissions": []}}, {"model": "auth.user", "pk": 33, "fields": {"password": "pbkdf2_sha256$180000$x5zzhdNMhc63$jezbHdiZi9doHhiZcGH3FrDsqKGyCuQ8D/FutOaXidA=", "last_login": null, "is_superuser": false, "username": "taheri", "first_name": "amir", "last_name": "taheri", "email": "", "is_staff": true, "is_active": true, "date_joined": "2020-07-03T20:40:30", "groups": [1], "user_permissions": []}}, {"model": "auth.user", "pk": 34, "fields": {"password": "pbkdf2_sha256$180000$zQZwQ5pLOG05$EZtyfazwujy9v8vSHChnv9XBjo2H5U5G3XtFuXrwyQc=", "last_login": null, "is_superuser": false, "username": "kashani", "first_name": "amin", "last_name": "kashani", "email": "", "is_staff": true, "is_active": true, "date_joined": "2020-07-03T20:41:07", "groups": [1], "user_permissions": []}}, {"model": "auth.user", "pk": 35, "fields": {"password": "pbkdf2_sha256$180000$PmpKspYPZyNT$9qVfqdeX/lxHEBuoUGtpga6C6ghpqs9Iz77+271U7b0=", "last_login": null, "is_superuser": false, "username": "khanzaad", "first_name": "ali", "last_name": "khanzaad", "email": "", "is_staff": true, "is_active": true, "date_joined": "2020-07-03T20:42:15", "groups": [1], "user_permissions": []}}, {"model": "auth.user", "pk": 36, "fields": {"password": "pbkdf2_sha256$180000$P6TsjmGRIy1x$VOo+nO+8oVF/PGHGDg3HBU2PE/pHSdUmmC4/CcJpsJM=", "last_login": null, "is_superuser": false, "username": "fazeli", "first_name": "ahmad", "last_name": "fazeli", "email": "", "is_staff": true, "is_active": true, "date_joined": "2020-07-03T20:47:26", "groups": [1], "user_permissions": []}}, {"model": "auth.user", "pk": 37, "fields": {"password": "pbkdf2_sha256$180000$NL7zGknak0PM$06Pv0vA72G/+Q4S8bQVLOLAa8Emcf2PfJtJ1ES22ABI=", "last_login": null, "is_superuser": false, "username": "shemshadi", "first_name": "hasan", "last_name": "shemshadi", "email": "", "is_staff": true, "is_active": true, "date_joined": "2020-07-03T20:50:19", "groups": [1], "user_permissions": []}}, {"model": "auth.user", "pk": 38, "fields": {"password": "pbkdf2_sha256$180000$e94o1x5Phg1C$p+FJxYiMc7VacuBH9/3NCmP3r9luIzI5giHZ3rSwgB4=", "last_login": null, "is_superuser": false, "username": "farahani", "first_name": "gholamreza", "last_name": "farahani", "email": "", "is_staff": true, "is_active": true, "date_joined": "2020-07-03T20:52:24", "groups": [1], "user_permissions": []}}, {"model": "auth.user", "pk": 39, "fields": {"password": "pbkdf2_sha256$180000$4JcGMxFI8jdL$XQL2oQ4VQGYurfx5T9eFU2Yy4Y9F1/rES7aLQqDs3tg=", "last_login": null, "is_superuser": false, "username": "salehi", "first_name": "saleh", "last_name": "salehi", "email": "", "is_staff": true, "is_active": true, "date_joined": "2020-07-03T20:53:31", "groups": [1], "user_permissions": []}}, {"model": "auth.user", "pk": 40, "fields": {"password": "pbkdf2_sha256$180000$UcVD3yhh6vlF$VGsb0+YrQAnpyJ2tQkTZgL91MbDZB6Z9CMuQTEPcBp8=", "last_login": null, "is_superuser": false, "username": "tehrani", "first_name": "saman", "last_name": "tehrani", "email": "", "is_staff": true, "is_active": true, "date_joined": "2020-07-03T20:54:54", "groups": [1], "user_permissions": []}}, {"model": "auth.user", "pk": 41, "fields": {"password": "pbkdf2_sha256$180000$WCOnfKiwX6SI$E3/QkRO3kvQu1/RT/JqDfMLUeFNcCAHRMz+RXYy5sm8=", "last_login": null, "is_superuser": false, "username": "shirazi", "first_name": "mahdi", "last_name": "shirazi", "email": "", "is_staff": true, "is_active": true, "date_joined": "2020-07-03T20:56:01", "groups": [1], "user_permissions": []}}, {"model": "auth.user", "pk": 42, "fields": {"password": "pbkdf2_sha256$180000$OSer68lzTuLY$7N5lcCGIjL8fZrPL3LFC+tVB7MrTMoO7KRkz9JlQi1M=", "last_login": "2020-07-03T21:41:25.278", "is_superuser": false, "username": "azari", "first_name": "ramtin", "last_name": "azari", "email": "", "is_staff": true, "is_active": true, "date_joined": "2020-07-03T20:57:28", "groups": [1], "user_permissions": []}}, {"model": "auth.user", "pk": 43, "fields": {"password": "pbkdf2_sha256$180000$eruIXXPujroB$jPDHDMkL1DcRFRtIwwLuMI/nTKwuy1ZOwhhwATCfTok=", "last_login": "2020-07-03T21:05:25.074", "is_superuser": false, "username": "salmani", "first_name": "ahmad", "last_name": "salmani", "email": "", "is_staff": true, "is_active": true, "date_joined": "2020-07-03T20:58:47", "groups": [1], "user_permissions": []}}, {"model": "auth.user", "pk": 44, "fields": {"password": "pbkdf2_sha256$180000$CJXkItxRfW6m$PtcAAyt3lRpOm3wQTbuuLykcjZtwDWyTihYrqP3+kLw=", "last_login": null, "is_superuser": false, "username": "youna_jasbi", "first_name": "youna", "last_name": "jasbi", "email": "", "is_staff": true, "is_active": true, "date_joined": "2020-07-05T21:38:08", "groups": [2], "user_permissions": []}}, {"model": "auth.user", "pk": 45, "fields": {"password": "pbkdf2_sha256$180000$9tjDucVpo05Y$Cg9ZFcv3HdiikpU1+iJOYJQsV25p6OCrZzRl0yL0708=", "last_login": "2020-07-06T15:26:19.782", "is_superuser": false, "username": "kourosh_m", "first_name": "kourosh", "last_name": "mamouri", "email": "", "is_staff": true, "is_active": true, "date_joined": "2020-07-06T15:24:42", "groups": [2], "user_permissions": []}}, {"model": "admin.logentry", "pk": 1, "fields": {"action_time": "2020-06-19T10:56:30.948", "user": 1, "content_type": 8, "object_id": "1", "object_repr": "What's up?", "action_flag": 2, "change_message": "[{\"changed\": {\"fields\": [\"Date published\"]}}]"}}, {"model": "admin.logentry", "pk": 2, "fields": {"action_time": "2020-06-19T10:56:39.074", "user": 1, "content_type": 8, "object_id": "1", "object_repr": "What's up?", "action_flag": 2, "change_message": "[]"}}, {"model": "admin.logentry", "pk": 3, "fields": {"action_time": "2020-06-27T16:32:42.896", "user": 1, "content_type": 9, "object_id": "1", "object_repr": "parsa", "action_flag": 1, "change_message": "[{\"added\": {}}]"}}, {"model": "admin.logentry", "pk": 4, "fields": {"action_time": "2020-06-27T17:01:19.388", "user": 1, "content_type": 8, "object_id": "1", "object_repr": "Whats up?", "action_flag": 1, "change_message": "[{\"added\": {}}]"}}, {"model": "admin.logentry", "pk": 5, "fields": {"action_time": "2020-06-27T17:01:34.959", "user": 1, "content_type": 7, "object_id": "1", "object_repr": "good", "action_flag": 1, "change_message": "[{\"added\": {}}]"}}, {"model": "admin.logentry", "pk": 6, "fields": {"action_time": "2020-06-27T17:12:10.260", "user": 1, "content_type": 9, "object_id": "1", "object_repr": "parsa", "action_flag": 2, "change_message": "[{\"changed\": {\"fields\": [\"Student age\"]}}]"}}, {"model": "admin.logentry", "pk": 7, "fields": {"action_time": "2020-06-27T17:12:32.042", "user": 1, "content_type": 9, "object_id": "2", "object_repr": "ali", "action_flag": 1, "change_message": "[{\"added\": {}}]"}}, {"model": "admin.logentry", "pk": 8, "fields": {"action_time": "2020-06-27T17:39:44.529", "user": 1, "content_type": 9, "object_id": "3", "object_repr": "samira", "action_flag": 1, "change_message": "[{\"added\": {}}]"}}, {"model": "admin.logentry", "pk": 9, "fields": {"action_time": "2020-06-27T17:42:46.162", "user": 1, "content_type": 9, "object_id": "4", "object_repr": "ali", "action_flag": 1, "change_message": "[{\"added\": {}}]"}}, {"model": "admin.logentry", "pk": 10, "fields": {"action_time": "2020-06-27T17:46:46.509", "user": 1, "content_type": 9, "object_id": "5", "object_repr": "reza", "action_flag": 1, "change_message": "[{\"added\": {}}]"}}, {"model": "admin.logentry", "pk": 11, "fields": {"action_time": "2020-06-27T17:49:16.678", "user": 1, "content_type": 8, "object_id": "2", "object_repr": "do you hate me?", "action_flag": 1, "change_message": "[{\"added\": {}}]"}}, {"model": "admin.logentry", "pk": 12, "fields": {"action_time": "2020-06-27T17:50:25.162", "user": 1, "content_type": 7, "object_id": "2", "object_repr": "yes", "action_flag": 1, "change_message": "[{\"added\": {}}]"}}, {"model": "admin.logentry", "pk": 13, "fields": {"action_time": "2020-06-27T17:50:32.898", "user": 1, "content_type": 7, "object_id": "3", "object_repr": "nooooo", "action_flag": 1, "change_message": "[{\"added\": {}}]"}}, {"model": "admin.logentry", "pk": 14, "fields": {"action_time": "2020-06-28T10:41:48.658", "user": 1, "content_type": 10, "object_id": "1", "object_repr": "9/3", "action_flag": 1, "change_message": "[{\"added\": {}}]"}}, {"model": "admin.logentry", "pk": 15, "fields": {"action_time": "2020-06-28T10:41:55.437", "user": 1, "content_type": 10, "object_id": "2", "object_repr": "9/2", "action_flag": 1, "change_message": "[{\"added\": {}}]"}}, {"model": "admin.logentry", "pk": 16, "fields": {"action_time": "2020-06-28T10:42:00.950", "user": 1, "content_type": 10, "object_id": "3", "object_repr": "9/1", "action_flag": 1, "change_message": "[{\"added\": {}}]"}}, {"model": "admin.logentry", "pk": 17, "fields": {"action_time": "2020-06-28T10:42:04.201", "user": 1, "content_type": 10, "object_id": "4", "object_repr": "9/4", "action_flag": 1, "change_message": "[{\"added\": {}}]"}}, {"model": "admin.logentry", "pk": 18, "fields": {"action_time": "2020-06-28T10:42:17.643", "user": 1, "content_type": 9, "object_id": "5", "object_repr": "reza", "action_flag": 2, "change_message": "[{\"changed\": {\"fields\": [\"Student class\"]}}]"}}, {"model": "admin.logentry", "pk": 19, "fields": {"action_time": "2020-06-28T10:42:25.023", "user": 1, "content_type": 9, "object_id": "4", "object_repr": "ali", "action_flag": 2, "change_message": "[{\"changed\": {\"fields\": [\"Student class\"]}}]"}}, {"model": "admin.logentry", "pk": 20, "fields": {"action_time": "2020-06-28T10:42:32.915", "user": 1, "content_type": 9, "object_id": "3", "object_repr": "samira", "action_flag": 2, "change_message": "[{\"changed\": {\"fields\": [\"Student class\"]}}]"}}, {"model": "admin.logentry", "pk": 21, "fields": {"action_time": "2020-06-28T10:42:39.488", "user": 1, "content_type": 9, "object_id": "2", "object_repr": "ali", "action_flag": 2, "change_message": "[{\"changed\": {\"fields\": [\"Student class\"]}}]"}}, {"model": "admin.logentry", "pk": 22, "fields": {"action_time": "2020-06-28T10:42:45.603", "user": 1, "content_type": 9, "object_id": "1", "object_repr": "parsa", "action_flag": 2, "change_message": "[{\"changed\": {\"fields\": [\"Student class\"]}}]"}}, {"model": "admin.logentry", "pk": 23, "fields": {"action_time": "2020-06-28T10:42:48.466", "user": 1, "content_type": 9, "object_id": "1", "object_repr": "parsa", "action_flag": 2, "change_message": "[]"}}, {"model": "admin.logentry", "pk": 24, "fields": {"action_time": "2020-06-28T10:52:07.004", "user": 1, "content_type": 11, "object_id": "1", "object_repr": "Teacher object (1)", "action_flag": 1, "change_message": "[{\"added\": {}}]"}}, {"model": "admin.logentry", "pk": 25, "fields": {"action_time": "2020-06-28T10:53:38.210", "user": 1, "content_type": 10, "object_id": "4", "object_repr": "9/4", "action_flag": 2, "change_message": "[{\"changed\": {\"fields\": [\"Class teacher\"]}}]"}}, {"model": "admin.logentry", "pk": 26, "fields": {"action_time": "2020-06-28T10:53:38.430", "user": 1, "content_type": 10, "object_id": "4", "object_repr": "9/4", "action_flag": 2, "change_message": "[]"}}, {"model": "admin.logentry", "pk": 27, "fields": {"action_time": "2020-06-28T10:53:38.639", "user": 1, "content_type": 10, "object_id": "4", "object_repr": "9/4", "action_flag": 2, "change_message": "[]"}}, {"model": "admin.logentry", "pk": 28, "fields": {"action_time": "2020-06-28T13:54:35.655", "user": 1, "content_type": 4, "object_id": "2", "object_repr": "Parsa_jafari", "action_flag": 1, "change_message": "[{\"added\": {}}]"}}, {"model": "admin.logentry", "pk": 29, "fields": {"action_time": "2020-06-29T09:41:41.813", "user": 1, "content_type": 4, "object_id": "2", "object_repr": "Parsa_jafari", "action_flag": 3, "change_message": ""}}, {"model": "admin.logentry", "pk": 30, "fields": {"action_time": "2020-06-29T09:44:11.155", "user": 1, "content_type": 4, "object_id": "3", "object_repr": "headmaster", "action_flag": 1, "change_message": "[{\"added\": {}}]"}}, {"model": "admin.logentry", "pk": 31, "fields": {"action_time": "2020-06-29T09:46:08.811", "user": 1, "content_type": 4, "object_id": "3", "object_repr": "headmaster", "action_flag": 2, "change_message": "[{\"changed\": {\"fields\": [\"User permissions\", \"Date joined\"]}}]"}}, {"model": "admin.logentry", "pk": 32, "fields": {"action_time": "2020-06-29T09:46:09.021", "user": 1, "content_type": 4, "object_id": "3", "object_repr": "headmaster", "action_flag": 2, "change_message": "[{\"changed\": {\"fields\": [\"Date joined\"]}}]"}}, {"model": "admin.logentry", "pk": 33, "fields": {"action_time": "2020-06-29T09:47:05.424", "user": 1, "content_type": 4, "object_id": "3", "object_repr": "headmaster", "action_flag": 2, "change_message": "[{\"changed\": {\"fields\": [\"First name\", \"Last name\", \"Staff status\"]}}]"}}, {"model": "admin.logentry", "pk": 34, "fields": {"action_time": "2020-06-29T09:48:28.580", "user": 1, "content_type": 4, "object_id": "4", "object_repr": "parsa", "action_flag": 1, "change_message": "[{\"added\": {}}]"}}, {"model": "admin.logentry", "pk": 35, "fields": {"action_time": "2020-06-30T08:45:14.625", "user": 1, "content_type": 9, "object_id": "4", "object_repr": "ali", "action_flag": 3, "change_message": ""}}, {"model": "admin.logentry", "pk": 36, "fields": {"action_time": "2020-06-30T08:45:14.814", "user": 1, "content_type": 9, "object_id": "2", "object_repr": "ali", "action_flag": 3, "change_message": ""}}, {"model": "admin.logentry", "pk": 37, "fields": {"action_time": "2020-06-30T08:45:14.899", "user": 1, "content_type": 9, "object_id": "1", "object_repr": "parsa", "action_flag": 3, "change_message": ""}}, {"model": "admin.logentry", "pk": 38, "fields": {"action_time": "2020-06-30T08:45:14.975", "user": 1, "content_type": 9, "object_id": "5", "object_repr": "reza", "action_flag": 3, "change_message": ""}}, {"model": "admin.logentry", "pk": 39, "fields": {"action_time": "2020-06-30T08:45:15.051", "user": 1, "content_type": 9, "object_id": "3", "object_repr": "samira", "action_flag": 3, "change_message": ""}}, {"model": "admin.logentry", "pk": 40, "fields": {"action_time": "2020-06-30T08:45:43.235", "user": 1, "content_type": 11, "object_id": "1", "object_repr": "jack wolf", "action_flag": 3, "change_message": ""}}, {"model": "admin.logentry", "pk": 41, "fields": {"action_time": "2020-06-30T08:50:37.903", "user": 1, "content_type": 12, "object_id": "1", "object_repr": "9/1", "action_flag": 1, "change_message": "[{\"added\": {}}]"}}, {"model": "admin.logentry", "pk": 42, "fields": {"action_time": "2020-06-30T08:50:46.340", "user": 1, "content_type": 12, "object_id": "2", "object_repr": "9/2", "action_flag": 1, "change_message": "[{\"added\": {}}]"}}, {"model": "admin.logentry", "pk": 43, "fields": {"action_time": "2020-06-30T08:50:52.168", "user": 1, "content_type": 12, "object_id": "3", "object_repr": "9/3", "action_flag": 1, "change_message": "[{\"added\": {}}]"}}, {"model": "admin.logentry", "pk": 44, "fields": {"action_time": "2020-06-30T08:50:56.935", "user": 1, "content_type": 12, "object_id": "4", "object_repr": "9/4", "action_flag": 1, "change_message": "[{\"added\": {}}]"}}, {"model": "admin.logentry", "pk": 45, "fields": {"action_time": "2020-06-30T09:27:53.393", "user": 1, "content_type": 15, "object_id": "1", "object_repr": "math", "action_flag": 1, "change_message": "[{\"added\": {}}]"}}, {"model": "admin.logentry", "pk": 46, "fields": {"action_time": "2020-06-30T09:27:58.742", "user": 1, "content_type": 15, "object_id": "2", "object_repr": "art", "action_flag": 1, "change_message": "[{\"added\": {}}]"}}, {"model": "admin.logentry", "pk": 47, "fields": {"action_time": "2020-06-30T09:31:58.636", "user": 1, "content_type": 3, "object_id": "1", "object_repr": "teacher", "action_flag": 1, "change_message": "[{\"added\": {}}]"}}, {"model": "admin.logentry", "pk": 48, "fields": {"action_time": "2020-06-30T09:32:43.986", "user": 1, "content_type": 4, "object_id": "5", "object_repr": "teacher1", "action_flag": 1, "change_message": "[{\"added\": {}}]"}}, {"model": "admin.logentry", "pk": 49, "fields": {"action_time": "2020-06-30T09:33:10.509", "user": 1, "content_type": 4, "object_id": "5", "object_repr": "teacher1", "action_flag": 2, "change_message": "[{\"changed\": {\"fields\": [\"First name\", \"Last name\", \"Staff status\", \"Groups\"]}}]"}}, {"model": "admin.logentry", "pk": 50, "fields": {"action_time": "2020-06-30T09:33:51.987", "user": 1, "content_type": 3, "object_id": "2", "object_repr": "student", "action_flag": 1, "change_message": "[{\"added\": {}}]"}}, {"model": "admin.logentry", "pk": 51, "fields": {"action_time": "2020-06-30T09:35:05.641", "user": 1, "content_type": 4, "object_id": "6", "object_repr": "student1", "action_flag": 1, "change_message": "[{\"added\": {}}]"}}, {"model": "admin.logentry", "pk": 52, "fields": {"action_time": "2020-06-30T09:35:39.585", "user": 1, "content_type": 4, "object_id": "6", "object_repr": "student1", "action_flag": 2, "change_message": "[{\"changed\": {\"fields\": [\"First name\", \"Last name\", \"Staff status\", \"Groups\"]}}]"}}, {"model": "admin.logentry", "pk": 53, "fields": {"action_time": "2020-06-30T09:35:57.403", "user": 1, "content_type": 4, "object_id": "4", "object_repr": "parsa", "action_flag": 3, "change_message": ""}}, {"model": "admin.logentry", "pk": 54, "fields": {"action_time": "2020-06-30T09:36:12.206", "user": 1, "content_type": 4, "object_id": "7", "object_repr": "student2", "action_flag": 1, "change_message": "[{\"added\": {}}]"}}, {"model": "admin.logentry", "pk": 55, "fields": {"action_time": "2020-06-30T09:36:36.341", "user": 1, "content_type": 4, "object_id": "7", "object_repr": "student2", "action_flag": 2, "change_message": "[{\"changed\": {\"fields\": [\"First name\", \"Last name\", \"Staff status\", \"Groups\"]}}]"}}, {"model": "admin.logentry", "pk": 57, "fields": {"action_time": "2020-06-30T09:51:08.487", "user": 1, "content_type": 9, "object_id": "1", "object_repr": "parsa", "action_flag": 1, "change_message": "[{\"added\": {}}]"}}, {"model": "admin.logentry", "pk": 59, "fields": {"action_time": "2020-06-30T09:54:07.686", "user": 1, "content_type": 9, "object_id": "2", "object_repr": "reza", "action_flag": 1, "change_message": "[{\"added\": {}}]"}}, {"model": "admin.logentry", "pk": 61, "fields": {"action_time": "2020-06-30T14:57:00.853", "user": 1, "content_type": 13, "object_id": "2", "object_repr": "50.5", "action_flag": 2, "change_message": "[{\"changed\": {\"fields\": [\"User\"]}}]"}}, {"model": "admin.logentry", "pk": 62, "fields": {"action_time": "2020-06-30T15:00:06.183", "user": 1, "content_type": 9, "object_id": "1", "object_repr": "parsa", "action_flag": 2, "change_message": "[{\"changed\": {\"fields\": [\"User\"]}}]"}}, {"model": "admin.logentry", "pk": 63, "fields": {"action_time": "2020-06-30T15:00:31.667", "user": 1, "content_type": 4, "object_id": "6", "object_repr": "parsa_jafari", "action_flag": 2, "change_message": "[{\"changed\": {\"fields\": [\"Username\"]}}]"}}, {"model": "admin.logentry", "pk": 64, "fields": {"action_time": "2020-06-30T15:00:52.824", "user": 1, "content_type": 4, "object_id": "6", "object_repr": "parsa-jafari", "action_flag": 2, "change_message": "[{\"changed\": {\"fields\": [\"Username\"]}}]"}}, {"model": "admin.logentry", "pk": 65, "fields": {"action_time": "2020-07-02T05:26:54.697", "user": 1, "content_type": 13, "object_id": "3", "object_repr": "78.0", "action_flag": 1, "change_message": "[{\"added\": {}}]"}}, {"model": "admin.logentry", "pk": 66, "fields": {"action_time": "2020-07-02T05:27:54.887", "user": 1, "content_type": 4, "object_id": "6", "object_repr": "parsa-jafari", "action_flag": 2, "change_message": "[{\"changed\": {\"fields\": [\"password\"]}}]"}}, {"model": "admin.logentry", "pk": 67, "fields": {"action_time": "2020-07-02T08:22:52.177", "user": 1, "content_type": 4, "object_id": "8", "object_repr": "aligholami", "action_flag": 1, "change_message": "[{\"added\": {}}, {\"added\": {\"name\": \"student\", \"object\": \"amir\"}}]"}}, {"model": "admin.logentry", "pk": 68, "fields": {"action_time": "2020-07-02T08:23:15.604", "user": 1, "content_type": 4, "object_id": "8", "object_repr": "aligholami", "action_flag": 2, "change_message": "[{\"changed\": {\"fields\": [\"First name\", \"Last name\", \"Staff status\", \"Groups\"]}}]"}}, {"model": "admin.logentry", "pk": 69, "fields": {"action_time": "2020-07-02T12:52:09.021", "user": 1, "content_type": 13, "object_id": "4", "object_repr": "2313.0", "action_flag": 1, "change_message": "[{\"added\": {}}]"}}, {"model": "admin.logentry", "pk": 70, "fields": {"action_time": "2020-07-02T13:01:24.915", "user": 1, "content_type": 4, "object_id": "7", "object_repr": "student2", "action_flag": 3, "change_message": ""}}, {"model": "admin.logentry", "pk": 71, "fields": {"action_time": "2020-07-03T12:36:51.230", "user": 1, "content_type": 9, "object_id": "2", "object_repr": "jafari", "action_flag": 3, "change_message": ""}}, {"model": "admin.logentry", "pk": 72, "fields": {"action_time": "2020-07-03T12:42:07.965", "user": 1, "content_type": 13, "object_id": "5", "object_repr": "21.0", "action_flag": 1, "change_message": "[{\"added\": {}}]"}}, {"model": "admin.logentry", "pk": 73, "fields": {"action_time": "2020-07-03T12:42:43.461", "user": 1, "content_type": 13, "object_id": "6", "object_repr": "421.0", "action_flag": 1, "change_message": "[{\"added\": {}}]"}}, {"model": "admin.logentry", "pk": 74, "fields": {"action_time": "2020-07-03T12:43:47.379", "user": 1, "content_type": 13, "object_id": "7", "object_repr": "11.0", "action_flag": 1, "change_message": "[{\"added\": {}}]"}}, {"model": "admin.logentry", "pk": 75, "fields": {"action_time": "2020-07-03T13:03:07.804", "user": 1, "content_type": 13, "object_id": "7", "object_repr": "11.0", "action_flag": 3, "change_message": ""}}, {"model": "admin.logentry", "pk": 76, "fields": {"action_time": "2020-07-03T13:03:07.939", "user": 1, "content_type": 13, "object_id": "6", "object_repr": "421.0", "action_flag": 3, "change_message": ""}}, {"model": "admin.logentry", "pk": 77, "fields": {"action_time": "2020-07-03T13:03:08.024", "user": 1, "content_type": 13, "object_id": "5", "object_repr": "21.0", "action_flag": 3, "change_message": ""}}, {"model": "admin.logentry", "pk": 78, "fields": {"action_time": "2020-07-03T13:03:08.114", "user": 1, "content_type": 13, "object_id": "4", "object_repr": "2313.0", "action_flag": 3, "change_message": ""}}, {"model": "admin.logentry", "pk": 79, "fields": {"action_time": "2020-07-03T13:03:08.201", "user": 1, "content_type": 13, "object_id": "3", "object_repr": "78.0", "action_flag": 3, "change_message": ""}}, {"model": "admin.logentry", "pk": 80, "fields": {"action_time": "2020-07-03T13:03:08.289", "user": 1, "content_type": 13, "object_id": "2", "object_repr": "50.5", "action_flag": 3, "change_message": ""}}, {"model": "admin.logentry", "pk": 81, "fields": {"action_time": "2020-07-03T13:03:08.361", "user": 1, "content_type": 13, "object_id": "1", "object_repr": "93.0", "action_flag": 3, "change_message": ""}}, {"model": "admin.logentry", "pk": 82, "fields": {"action_time": "2020-07-03T13:04:39.845", "user": 1, "content_type": 13, "object_id": "8", "object_repr": "15.0", "action_flag": 1, "change_message": "[{\"added\": {}}]"}}, {"model": "admin.logentry", "pk": 83, "fields": {"action_time": "2020-07-03T13:05:31.248", "user": 1, "content_type": 4, "object_id": "8", "object_repr": "aligholami", "action_flag": 2, "change_message": "[{\"changed\": {\"name\": \"student\", \"object\": \"gholami\", \"fields\": [\"Student name\"]}}]"}}, {"model": "admin.logentry", "pk": 84, "fields": {"action_time": "2020-07-03T13:05:47.003", "user": 1, "content_type": 13, "object_id": "9", "object_repr": "12.0", "action_flag": 1, "change_message": "[{\"added\": {}}]"}}, {"model": "admin.logentry", "pk": 85, "fields": {"action_time": "2020-07-03T13:05:47.218", "user": 1, "content_type": 13, "object_id": "10", "object_repr": "12.0", "action_flag": 1, "change_message": "[{\"added\": {}}]"}}, {"model": "admin.logentry", "pk": 86, "fields": {"action_time": "2020-07-03T13:05:57.393", "user": 1, "content_type": 13, "object_id": "10", "object_repr": "12.0", "action_flag": 3, "change_message": ""}}, {"model": "admin.logentry", "pk": 87, "fields": {"action_time": "2020-07-03T13:05:57.553", "user": 1, "content_type": 13, "object_id": "9", "object_repr": "12.0", "action_flag": 3, "change_message": ""}}, {"model": "admin.logentry", "pk": 88, "fields": {"action_time": "2020-07-03T13:06:06.338", "user": 1, "content_type": 13, "object_id": "11", "object_repr": "12.0", "action_flag": 1, "change_message": "[{\"added\": {}}]"}}, {"model": "admin.logentry", "pk": 89, "fields": {"action_time": "2020-07-03T13:33:02.566", "user": 1, "content_type": 15, "object_id": "3", "object_repr": "science", "action_flag": 1, "change_message": "[{\"added\": {}}]"}}, {"model": "admin.logentry", "pk": 90, "fields": {"action_time": "2020-07-03T13:46:47.843", "user": 1, "content_type": 4, "object_id": "9", "object_repr": "r_jafari", "action_flag": 1, "change_message": "[{\"added\": {}}, {\"added\": {\"name\": \"teacher\", \"object\": \"reza jafari\"}}]"}}, {"model": "admin.logentry", "pk": 91, "fields": {"action_time": "2020-07-03T13:47:12.696", "user": 1, "content_type": 4, "object_id": "9", "object_repr": "r_jafari", "action_flag": 2, "change_message": "[{\"changed\": {\"fields\": [\"First name\", \"Last name\", \"Staff status\", \"Groups\"]}}]"}}, {"model": "admin.logentry", "pk": 92, "fields": {"action_time": "2020-07-03T13:48:31.405", "user": 1, "content_type": 4, "object_id": "10", "object_repr": "ali01", "action_flag": 1, "change_message": "[{\"added\": {}}, {\"added\": {\"name\": \"student\", \"object\": \"mahdavi\"}}]"}}, {"model": "admin.logentry", "pk": 93, "fields": {"action_time": "2020-07-03T13:49:05.923", "user": 1, "content_type": 4, "object_id": "10", "object_repr": "ali01", "action_flag": 2, "change_message": "[{\"changed\": {\"fields\": [\"First name\", \"Last name\", \"Staff status\", \"Groups\"]}}]"}}, {"model": "admin.logentry", "pk": 101, "fields": {"action_time": "2020-07-03T14:52:24.531", "user": 1, "content_type": 4, "object_id": "10", "object_repr": "ali01", "action_flag": 3, "change_message": ""}}, {"model": "admin.logentry", "pk": 102, "fields": {"action_time": "2020-07-03T14:52:24.647", "user": 1, "content_type": 4, "object_id": "8", "object_repr": "aligholami", "action_flag": 3, "change_message": ""}}, {"model": "admin.logentry", "pk": 103, "fields": {"action_time": "2020-07-03T14:52:24.736", "user": 1, "content_type": 4, "object_id": "3", "object_repr": "headmaster", "action_flag": 3, "change_message": ""}}, {"model": "admin.logentry", "pk": 104, "fields": {"action_time": "2020-07-03T14:52:24.823", "user": 1, "content_type": 4, "object_id": "6", "object_repr": "parsa-jafari", "action_flag": 3, "change_message": ""}}, {"model": "admin.logentry", "pk": 105, "fields": {"action_time": "2020-07-03T14:52:24.929", "user": 1, "content_type": 4, "object_id": "9", "object_repr": "r_jafari", "action_flag": 3, "change_message": ""}}, {"model": "admin.logentry", "pk": 106, "fields": {"action_time": "2020-07-03T14:52:25.011", "user": 1, "content_type": 4, "object_id": "5", "object_repr": "teacher1", "action_flag": 3, "change_message": ""}}, {"model": "admin.logentry", "pk": 107, "fields": {"action_time": "2020-07-03T14:52:38.582", "user": 1, "content_type": 15, "object_id": "3", "object_repr": "science", "action_flag": 3, "change_message": ""}}, {"model": "admin.logentry", "pk": 108, "fields": {"action_time": "2020-07-03T14:52:38.748", "user": 1, "content_type": 15, "object_id": "2", "object_repr": "art", "action_flag": 3, "change_message": ""}}, {"model": "admin.logentry", "pk": 109, "fields": {"action_time": "2020-07-03T14:52:38.858", "user": 1, "content_type": 15, "object_id": "1", "object_repr": "math", "action_flag": 3, "change_message": ""}}, {"model": "admin.logentry", "pk": 110, "fields": {"action_time": "2020-07-03T14:53:00.083", "user": 1, "content_type": 12, "object_id": "4", "object_repr": "9/4", "action_flag": 3, "change_message": ""}}, {"model": "admin.logentry", "pk": 111, "fields": {"action_time": "2020-07-03T14:53:00.233", "user": 1, "content_type": 12, "object_id": "3", "object_repr": "9/3", "action_flag": 3, "change_message": ""}}, {"model": "admin.logentry", "pk": 112, "fields": {"action_time": "2020-07-03T14:53:00.313", "user": 1, "content_type": 12, "object_id": "2", "object_repr": "9/2", "action_flag": 3, "change_message": ""}}, {"model": "admin.logentry", "pk": 113, "fields": {"action_time": "2020-07-03T14:53:00.410", "user": 1, "content_type": 12, "object_id": "1", "object_repr": "9/1", "action_flag": 3, "change_message": ""}}, {"model": "admin.logentry", "pk": 114, "fields": {"action_time": "2020-07-03T14:53:21.868", "user": 1, "content_type": 14, "object_id": "3", "object_repr": "midterm science", "action_flag": 3, "change_message": ""}}, {"model": "admin.logentry", "pk": 115, "fields": {"action_time": "2020-07-03T14:53:22.038", "user": 1, "content_type": 14, "object_id": "2", "object_repr": "nano tech1", "action_flag": 3, "change_message": ""}}, {"model": "admin.logentry", "pk": 116, "fields": {"action_time": "2020-07-03T14:53:22.126", "user": 1, "content_type": 14, "object_id": "1", "object_repr": "prepration test", "action_flag": 3, "change_message": ""}}, {"model": "admin.logentry", "pk": 117, "fields": {"action_time": "2020-07-03T14:53:40.439", "user": 1, "content_type": 9, "object_id": "4", "object_repr": "mahdavi", "action_flag": 3, "change_message": ""}}, {"model": "admin.logentry", "pk": 118, "fields": {"action_time": "2020-07-03T14:53:40.584", "user": 1, "content_type": 9, "object_id": "3", "object_repr": "gholami", "action_flag": 3, "change_message": ""}}, {"model": "admin.logentry", "pk": 119, "fields": {"action_time": "2020-07-03T14:53:40.679", "user": 1, "content_type": 9, "object_id": "1", "object_repr": "jafari", "action_flag": 3, "change_message": ""}}, {"model": "admin.logentry", "pk": 120, "fields": {"action_time": "2020-07-03T14:53:51.105", "user": 1, "content_type": 11, "object_id": "1", "object_repr": "reza jafari", "action_flag": 3, "change_message": ""}}, {"model": "admin.logentry", "pk": 121, "fields": {"action_time": "2020-07-03T14:59:26.498", "user": 1, "content_type": 12, "object_id": "5", "object_repr": "9/4", "action_flag": 1, "change_message": "[{\"added\": {}}]"}}, {"model": "admin.logentry", "pk": 122, "fields": {"action_time": "2020-07-03T14:59:34.194", "user": 1, "content_type": 12, "object_id": "5", "object_repr": "9/4", "action_flag": 3, "change_message": ""}}, {"model": "admin.logentry", "pk": 123, "fields": {"action_time": "2020-07-03T14:59:38.817", "user": 1, "content_type": 12, "object_id": "6", "object_repr": "9/3", "action_flag": 1, "change_message": "[{\"added\": {}}]"}}, {"model": "admin.logentry", "pk": 124, "fields": {"action_time": "2020-07-03T14:59:44.966", "user": 1, "content_type": 12, "object_id": "7", "object_repr": "9/3", "action_flag": 1, "change_message": "[{\"added\": {}}]"}}, {"model": "admin.logentry", "pk": 125, "fields": {"action_time": "2020-07-03T14:59:48.567", "user": 1, "content_type": 12, "object_id": "7", "object_repr": "9/3", "action_flag": 2, "change_message": "[]"}}, {"model": "admin.logentry", "pk": 126, "fields": {"action_time": "2020-07-03T14:59:51.939", "user": 1, "content_type": 12, "object_id": "8", "object_repr": "9/2", "action_flag": 1, "change_message": "[{\"added\": {}}]"}}, {"model": "admin.logentry", "pk": 127, "fields": {"action_time": "2020-07-03T14:59:55.363", "user": 1, "content_type": 12, "object_id": "9", "object_repr": "9/1", "action_flag": 1, "change_message": "[{\"added\": {}}]"}}, {"model": "admin.logentry", "pk": 128, "fields": {"action_time": "2020-07-03T15:00:11.372", "user": 1, "content_type": 12, "object_id": "7", "object_repr": "9/3", "action_flag": 3, "change_message": ""}}, {"model": "admin.logentry", "pk": 129, "fields": {"action_time": "2020-07-03T19:44:20.687", "user": 1, "content_type": 3, "object_id": "3", "object_repr": "head_master", "action_flag": 1, "change_message": "[{\"added\": {}}]"}}, {"model": "admin.logentry", "pk": 130, "fields": {"action_time": "2020-07-03T19:44:27.247", "user": 1, "content_type": 3, "object_id": "3", "object_repr": "head master", "action_flag": 2, "change_message": "[{\"changed\": {\"fields\": [\"Name\"]}}]"}}, {"model": "admin.logentry", "pk": 131, "fields": {"action_time": "2020-07-03T19:45:42.446", "user": 1, "content_type": 4, "object_id": "11", "object_repr": "headmaster", "action_flag": 1, "change_message": "[{\"added\": {}}]"}}, {"model": "admin.logentry", "pk": 132, "fields": {"action_time": "2020-07-03T19:46:47.060", "user": 1, "content_type": 4, "object_id": "11", "object_repr": "headmaster", "action_flag": 2, "change_message": "[{\"changed\": {\"fields\": [\"First name\", \"Last name\", \"Staff status\", \"Groups\", \"Date joined\"]}}]"}}, {"model": "admin.logentry", "pk": 133, "fields": {"action_time": "2020-07-03T19:47:19.991", "user": 1, "content_type": 12, "object_id": "10", "object_repr": "8/3", "action_flag": 1, "change_message": "[{\"added\": {}}]"}}, {"model": "admin.logentry", "pk": 134, "fields": {"action_time": "2020-07-03T19:47:23.839", "user": 1, "content_type": 12, "object_id": "11", "object_repr": "8/2", "action_flag": 1, "change_message": "[{\"added\": {}}]"}}, {"model": "admin.logentry", "pk": 135, "fields": {"action_time": "2020-07-03T19:47:27.297", "user": 1, "content_type": 12, "object_id": "12", "object_repr": "8/1", "action_flag": 1, "change_message": "[{\"added\": {}}]"}}, {"model": "admin.logentry", "pk": 136, "fields": {"action_time": "2020-07-03T19:50:31.255", "user": 1, "content_type": 4, "object_id": "12", "object_repr": "rezafarhadi", "action_flag": 1, "change_message": "[{\"added\": {}}, {\"added\": {\"name\": \"student\", \"object\": \"farhadi\"}}]"}}, {"model": "admin.logentry", "pk": 137, "fields": {"action_time": "2020-07-03T19:51:09.944", "user": 1, "content_type": 4, "object_id": "12", "object_repr": "rezafarhadi", "action_flag": 2, "change_message": "[{\"changed\": {\"fields\": [\"First name\", \"Last name\", \"Staff status\", \"Groups\"]}}]"}}, {"model": "admin.logentry", "pk": 138, "fields": {"action_time": "2020-07-03T19:51:50.740", "user": 1, "content_type": 4, "object_id": "13", "object_repr": "asghar_hashemi", "action_flag": 1, "change_message": "[{\"added\": {}}, {\"added\": {\"name\": \"student\", \"object\": \"hashemi\"}}]"}}, {"model": "admin.logentry", "pk": 139, "fields": {"action_time": "2020-07-03T19:52:11.342", "user": 1, "content_type": 4, "object_id": "13", "object_repr": "asghar_hashemi", "action_flag": 2, "change_message": "[{\"changed\": {\"fields\": [\"First name\", \"Last name\", \"Staff status\", \"Groups\"]}}]"}}, {"model": "admin.logentry", "pk": 140, "fields": {"action_time": "2020-07-03T19:52:24.396", "user": 1, "content_type": 4, "object_id": "12", "object_repr": "reza_farhadi", "action_flag": 2, "change_message": "[{\"changed\": {\"fields\": [\"Username\"]}}]"}}, {"model": "admin.logentry", "pk": 141, "fields": {"action_time": "2020-07-03T19:53:25.559", "user": 1, "content_type": 4, "object_id": "14", "object_repr": "ghasem_babaii", "action_flag": 1, "change_message": "[{\"added\": {}}, {\"added\": {\"name\": \"student\", \"object\": \"babaii\"}}]"}}, {"model": "admin.logentry", "pk": 142, "fields": {"action_time": "2020-07-03T19:53:54.279", "user": 1, "content_type": 4, "object_id": "14", "object_repr": "ghasem_babaii", "action_flag": 2, "change_message": "[{\"changed\": {\"fields\": [\"First name\", \"Last name\", \"Staff status\", \"Groups\"]}}]"}}, {"model": "admin.logentry", "pk": 143, "fields": {"action_time": "2020-07-03T19:55:00.248", "user": 1, "content_type": 4, "object_id": "15", "object_repr": "sina_tavasoli", "action_flag": 1, "change_message": "[{\"added\": {}}, {\"added\": {\"name\": \"student\", \"object\": \"tavasoli\"}}]"}}, {"model": "admin.logentry", "pk": 144, "fields": {"action_time": "2020-07-03T19:55:18.576", "user": 1, "content_type": 4, "object_id": "15", "object_repr": "sina_tavasoli", "action_flag": 2, "change_message": "[{\"changed\": {\"fields\": [\"First name\", \"Last name\", \"Staff status\", \"Groups\"]}}]"}}, {"model": "admin.logentry", "pk": 145, "fields": {"action_time": "2020-07-03T19:56:09.524", "user": 1, "content_type": 4, "object_id": "16", "object_repr": "ali_ahangar", "action_flag": 1, "change_message": "[{\"added\": {}}, {\"added\": {\"name\": \"student\", \"object\": \"ahangar\"}}]"}}, {"model": "admin.logentry", "pk": 146, "fields": {"action_time": "2020-07-03T19:56:15.922", "user": 1, "content_type": 4, "object_id": "16", "object_repr": "ali_ahangar", "action_flag": 2, "change_message": "[{\"changed\": {\"fields\": [\"First name\"]}}]"}}, {"model": "admin.logentry", "pk": 147, "fields": {"action_time": "2020-07-03T19:56:31.260", "user": 1, "content_type": 4, "object_id": "16", "object_repr": "ali_ahangar", "action_flag": 2, "change_message": "[{\"changed\": {\"fields\": [\"Last name\", \"Staff status\", \"Groups\"]}}]"}}, {"model": "admin.logentry", "pk": 148, "fields": {"action_time": "2020-07-03T19:57:50.650", "user": 1, "content_type": 4, "object_id": "17", "object_repr": "ilia_khayatan", "action_flag": 1, "change_message": "[{\"added\": {}}, {\"added\": {\"name\": \"student\", \"object\": \"khayatan\"}}]"}}, {"model": "admin.logentry", "pk": 149, "fields": {"action_time": "2020-07-03T19:58:13.306", "user": 1, "content_type": 4, "object_id": "17", "object_repr": "ilia_khayatan", "action_flag": 2, "change_message": "[{\"changed\": {\"fields\": [\"First name\", \"Last name\", \"Staff status\", \"Groups\"]}}]"}}, {"model": "admin.logentry", "pk": 150, "fields": {"action_time": "2020-07-03T19:58:50.520", "user": 1, "content_type": 4, "object_id": "18", "object_repr": "sam_shojaii", "action_flag": 1, "change_message": "[{\"added\": {}}, {\"added\": {\"name\": \"student\", \"object\": \"shojaii\"}}]"}}, {"model": "admin.logentry", "pk": 151, "fields": {"action_time": "2020-07-03T19:59:08.768", "user": 1, "content_type": 4, "object_id": "18", "object_repr": "sam_shojaii", "action_flag": 2, "change_message": "[{\"changed\": {\"fields\": [\"First name\", \"Last name\", \"Staff status\", \"Groups\"]}}]"}}, {"model": "admin.logentry", "pk": 152, "fields": {"action_time": "2020-07-03T19:59:59.711", "user": 1, "content_type": 4, "object_id": "19", "object_repr": "mahdi_saadat", "action_flag": 1, "change_message": "[{\"added\": {}}, {\"added\": {\"name\": \"student\", \"object\": \"saadat\"}}]"}}, {"model": "admin.logentry", "pk": 153, "fields": {"action_time": "2020-07-03T20:00:17.090", "user": 1, "content_type": 4, "object_id": "19", "object_repr": "mahdi_saadat", "action_flag": 2, "change_message": "[{\"changed\": {\"fields\": [\"First name\", \"Last name\", \"Staff status\", \"Groups\"]}}]"}}, {"model": "admin.logentry", "pk": 154, "fields": {"action_time": "2020-07-03T20:01:11.319", "user": 1, "content_type": 4, "object_id": "20", "object_repr": "radin_moosavi", "action_flag": 1, "change_message": "[{\"added\": {}}, {\"added\": {\"name\": \"student\", \"object\": \"moosavi\"}}]"}}, {"model": "admin.logentry", "pk": 155, "fields": {"action_time": "2020-07-03T20:01:31.505", "user": 1, "content_type": 4, "object_id": "20", "object_repr": "radin_moosavi", "action_flag": 2, "change_message": "[{\"changed\": {\"fields\": [\"First name\", \"Last name\", \"Staff status\", \"Groups\"]}}]"}}, {"model": "admin.logentry", "pk": 156, "fields": {"action_time": "2020-07-03T20:02:28.213", "user": 1, "content_type": 4, "object_id": "21", "object_repr": "artin_farhadi", "action_flag": 1, "change_message": "[{\"added\": {}}, {\"added\": {\"name\": \"student\", \"object\": \"farhadi\"}}]"}}, {"model": "admin.logentry", "pk": 157, "fields": {"action_time": "2020-07-03T20:02:46.250", "user": 1, "content_type": 4, "object_id": "21", "object_repr": "artin_farhadi", "action_flag": 2, "change_message": "[{\"changed\": {\"fields\": [\"First name\", \"Last name\", \"Staff status\", \"Groups\"]}}]"}}, {"model": "admin.logentry", "pk": 158, "fields": {"action_time": "2020-07-03T20:04:59.607", "user": 1, "content_type": 4, "object_id": "22", "object_repr": "morteza_mamoori", "action_flag": 1, "change_message": "[{\"added\": {}}, {\"added\": {\"name\": \"student\", \"object\": \"mamoori\"}}]"}}, {"model": "admin.logentry", "pk": 159, "fields": {"action_time": "2020-07-03T20:05:26.314", "user": 1, "content_type": 4, "object_id": "22", "object_repr": "morteza_mamoori", "action_flag": 2, "change_message": "[{\"changed\": {\"fields\": [\"First name\", \"Last name\", \"Staff status\", \"Groups\"]}}]"}}, {"model": "admin.logentry", "pk": 160, "fields": {"action_time": "2020-07-03T20:07:00.133", "user": 1, "content_type": 4, "object_id": "23", "object_repr": "farzad_talebi", "action_flag": 1, "change_message": "[{\"added\": {}}, {\"added\": {\"name\": \"student\", \"object\": \"talebi\"}}]"}}, {"model": "admin.logentry", "pk": 161, "fields": {"action_time": "2020-07-03T20:07:20.611", "user": 1, "content_type": 4, "object_id": "23", "object_repr": "farzad_talebi", "action_flag": 2, "change_message": "[{\"changed\": {\"fields\": [\"First name\", \"Last name\", \"Staff status\", \"Groups\"]}}]"}}, {"model": "admin.logentry", "pk": 162, "fields": {"action_time": "2020-07-03T20:08:26.344", "user": 1, "content_type": 4, "object_id": "24", "object_repr": "amirreza_keshavarz", "action_flag": 1, "change_message": "[{\"added\": {}}, {\"added\": {\"name\": \"student\", \"object\": \"keshavarz\"}}]"}}, {"model": "admin.logentry", "pk": 163, "fields": {"action_time": "2020-07-03T20:08:46.237", "user": 1, "content_type": 4, "object_id": "24", "object_repr": "amirreza_keshavarz", "action_flag": 2, "change_message": "[{\"changed\": {\"fields\": [\"First name\", \"Last name\", \"Groups\"]}}]"}}, {"model": "admin.logentry", "pk": 164, "fields": {"action_time": "2020-07-03T20:08:58.488", "user": 1, "content_type": 4, "object_id": "24", "object_repr": "amirreza_keshavarz", "action_flag": 2, "change_message": "[{\"changed\": {\"fields\": [\"Staff status\"]}}]"}}, {"model": "admin.logentry", "pk": 165, "fields": {"action_time": "2020-07-03T20:09:41.204", "user": 1, "content_type": 4, "object_id": "25", "object_repr": "jamshid_rezaii", "action_flag": 1, "change_message": "[{\"added\": {}}, {\"added\": {\"name\": \"student\", \"object\": \"rezaii\"}}]"}}, {"model": "admin.logentry", "pk": 166, "fields": {"action_time": "2020-07-03T20:10:02.385", "user": 1, "content_type": 4, "object_id": "25", "object_repr": "jamshid_rezaii", "action_flag": 2, "change_message": "[{\"changed\": {\"fields\": [\"First name\", \"Last name\", \"Staff status\", \"Groups\"]}}]"}}, {"model": "admin.logentry", "pk": 167, "fields": {"action_time": "2020-07-03T20:10:48.302", "user": 1, "content_type": 4, "object_id": "26", "object_repr": "farbod_hooshmand", "action_flag": 1, "change_message": "[{\"added\": {}}, {\"added\": {\"name\": \"student\", \"object\": \"hooshmand\"}}]"}}, {"model": "admin.logentry", "pk": 168, "fields": {"action_time": "2020-07-03T20:11:08.413", "user": 1, "content_type": 4, "object_id": "26", "object_repr": "farbod_hooshmand", "action_flag": 2, "change_message": "[{\"changed\": {\"fields\": [\"First name\", \"Last name\", \"Staff status\", \"Groups\"]}}]"}}, {"model": "admin.logentry", "pk": 169, "fields": {"action_time": "2020-07-03T20:14:13.318", "user": 1, "content_type": 4, "object_id": "27", "object_repr": "rayan_rasooli", "action_flag": 1, "change_message": "[{\"added\": {}}, {\"added\": {\"name\": \"student\", \"object\": \"rasooli\"}}]"}}, {"model": "admin.logentry", "pk": 170, "fields": {"action_time": "2020-07-03T20:14:36.050", "user": 1, "content_type": 4, "object_id": "27", "object_repr": "rayan_rasooli", "action_flag": 2, "change_message": "[{\"changed\": {\"fields\": [\"First name\", \"Last name\", \"Staff status\", \"Groups\"]}}]"}}, {"model": "admin.logentry", "pk": 171, "fields": {"action_time": "2020-07-03T20:22:44.094", "user": 1, "content_type": 4, "object_id": "28", "object_repr": "parsa_karimi", "action_flag": 1, "change_message": "[{\"added\": {}}, {\"added\": {\"name\": \"student\", \"object\": \"karimi\"}}]"}}, {"model": "admin.logentry", "pk": 172, "fields": {"action_time": "2020-07-03T20:23:03.056", "user": 1, "content_type": 4, "object_id": "28", "object_repr": "parsa_karimi", "action_flag": 2, "change_message": "[{\"changed\": {\"fields\": [\"First name\", \"Last name\", \"Staff status\", \"Groups\"]}}]"}}, {"model": "admin.logentry", "pk": 173, "fields": {"action_time": "2020-07-03T20:24:46.996", "user": 1, "content_type": 4, "object_id": "29", "object_repr": "karim_parsaii", "action_flag": 1, "change_message": "[{\"added\": {}}, {\"added\": {\"name\": \"student\", \"object\": \"parsaii\"}}]"}}, {"model": "admin.logentry", "pk": 174, "fields": {"action_time": "2020-07-03T20:25:06.820", "user": 1, "content_type": 4, "object_id": "29", "object_repr": "karim_parsaii", "action_flag": 2, "change_message": "[{\"changed\": {\"fields\": [\"First name\", \"Last name\", \"Staff status\", \"Groups\"]}}]"}}, {"model": "admin.logentry", "pk": 175, "fields": {"action_time": "2020-07-03T20:25:41.464", "user": 1, "content_type": 4, "object_id": "30", "object_repr": "omid_zargar", "action_flag": 1, "change_message": "[{\"added\": {}}, {\"added\": {\"name\": \"student\", \"object\": \"zargar\"}}]"}}, {"model": "admin.logentry", "pk": 176, "fields": {"action_time": "2020-07-03T20:26:08.800", "user": 1, "content_type": 4, "object_id": "30", "object_repr": "omid_zargar", "action_flag": 2, "change_message": "[{\"changed\": {\"fields\": [\"First name\", \"Last name\", \"Staff status\", \"Groups\"]}}]"}}, {"model": "admin.logentry", "pk": 177, "fields": {"action_time": "2020-07-03T20:27:50.305", "user": 1, "content_type": 4, "object_id": "31", "object_repr": "khavar_khavari", "action_flag": 1, "change_message": "[{\"added\": {}}, {\"added\": {\"name\": \"student\", \"object\": \"khavari\"}}]"}}, {"model": "admin.logentry", "pk": 178, "fields": {"action_time": "2020-07-03T20:28:14.191", "user": 1, "content_type": 4, "object_id": "31", "object_repr": "khavar_khavari", "action_flag": 2, "change_message": "[{\"changed\": {\"fields\": [\"First name\", \"Last name\", \"Staff status\", \"Groups\"]}}]"}}, {"model": "admin.logentry", "pk": 179, "fields": {"action_time": "2020-07-03T20:28:38.514", "user": 1, "content_type": 12, "object_id": "10", "object_repr": "8/3", "action_flag": 3, "change_message": ""}}, {"model": "admin.logentry", "pk": 180, "fields": {"action_time": "2020-07-03T20:28:38.674", "user": 1, "content_type": 12, "object_id": "6", "object_repr": "9/3", "action_flag": 3, "change_message": ""}}, {"model": "admin.logentry", "pk": 181, "fields": {"action_time": "2020-07-03T20:37:51.322", "user": 1, "content_type": 16, "object_id": "1", "object_repr": "mathematics", "action_flag": 1, "change_message": "[{\"added\": {}}]"}}, {"model": "admin.logentry", "pk": 182, "fields": {"action_time": "2020-07-03T20:38:26.131", "user": 1, "content_type": 16, "object_id": "2", "object_repr": "literature", "action_flag": 1, "change_message": "[{\"added\": {}}]"}}, {"model": "admin.logentry", "pk": 183, "fields": {"action_time": "2020-07-03T20:38:38.378", "user": 1, "content_type": 16, "object_id": "3", "object_repr": "science", "action_flag": 1, "change_message": "[{\"added\": {}}]"}}, {"model": "admin.logentry", "pk": 184, "fields": {"action_time": "2020-07-03T20:39:24.160", "user": 1, "content_type": 4, "object_id": "32", "object_repr": "maleki", "action_flag": 1, "change_message": "[{\"added\": {}}, {\"added\": {\"name\": \"teacher\", \"object\": \"reza maleki\"}}]"}}, {"model": "admin.logentry", "pk": 185, "fields": {"action_time": "2020-07-03T20:39:50.944", "user": 1, "content_type": 4, "object_id": "32", "object_repr": "maleki", "action_flag": 2, "change_message": "[{\"changed\": {\"fields\": [\"First name\", \"Last name\", \"Staff status\", \"Groups\"]}}]"}}, {"model": "admin.logentry", "pk": 186, "fields": {"action_time": "2020-07-03T20:40:30.601", "user": 1, "content_type": 4, "object_id": "33", "object_repr": "taheri", "action_flag": 1, "change_message": "[{\"added\": {}}, {\"added\": {\"name\": \"teacher\", \"object\": \"amir taheri\"}}]"}}, {"model": "admin.logentry", "pk": 187, "fields": {"action_time": "2020-07-03T20:41:08.037", "user": 1, "content_type": 4, "object_id": "34", "object_repr": "kashani", "action_flag": 1, "change_message": "[{\"added\": {}}, {\"added\": {\"name\": \"teacher\", \"object\": \"amin kashani\"}}]"}}, {"model": "admin.logentry", "pk": 188, "fields": {"action_time": "2020-07-03T20:42:15.991", "user": 1, "content_type": 4, "object_id": "35", "object_repr": "khanzaad", "action_flag": 1, "change_message": "[{\"added\": {}}, {\"added\": {\"name\": \"teacher\", \"object\": \"ali khaanzad\"}}]"}}, {"model": "admin.logentry", "pk": 189, "fields": {"action_time": "2020-07-03T20:42:46.726", "user": 1, "content_type": 4, "object_id": "35", "object_repr": "khanzaad", "action_flag": 2, "change_message": "[{\"changed\": {\"fields\": [\"First name\", \"Last name\", \"Staff status\", \"Groups\"]}}]"}}, {"model": "admin.logentry", "pk": 190, "fields": {"action_time": "2020-07-03T20:43:31.780", "user": 1, "content_type": 4, "object_id": "33", "object_repr": "taheri", "action_flag": 2, "change_message": "[{\"changed\": {\"fields\": [\"First name\", \"Last name\", \"Staff status\", \"Groups\"]}}]"}}, {"model": "admin.logentry", "pk": 191, "fields": {"action_time": "2020-07-03T20:44:19.252", "user": 1, "content_type": 4, "object_id": "34", "object_repr": "kashani", "action_flag": 2, "change_message": "[{\"changed\": {\"fields\": [\"First name\", \"Last name\", \"Staff status\", \"Groups\"]}}]"}}, {"model": "admin.logentry", "pk": 192, "fields": {"action_time": "2020-07-03T20:47:26.754", "user": 1, "content_type": 4, "object_id": "36", "object_repr": "fazeli", "action_flag": 1, "change_message": "[{\"added\": {}}, {\"added\": {\"name\": \"teacher\", \"object\": \"ahmad fazeli\"}}]"}}, {"model": "admin.logentry", "pk": 193, "fields": {"action_time": "2020-07-03T20:47:48.212", "user": 1, "content_type": 4, "object_id": "36", "object_repr": "fazeli", "action_flag": 2, "change_message": "[{\"changed\": {\"fields\": [\"First name\", \"Last name\", \"Staff status\", \"Groups\"]}}]"}}, {"model": "admin.logentry", "pk": 194, "fields": {"action_time": "2020-07-03T20:50:19.533", "user": 1, "content_type": 4, "object_id": "37", "object_repr": "shemshadi", "action_flag": 1, "change_message": "[{\"added\": {}}, {\"added\": {\"name\": \"teacher\", \"object\": \"hasan shemshadi\"}}]"}}, {"model": "admin.logentry", "pk": 195, "fields": {"action_time": "2020-07-03T20:51:27.192", "user": 1, "content_type": 4, "object_id": "37", "object_repr": "shemshadi", "action_flag": 2, "change_message": "[{\"changed\": {\"fields\": [\"First name\", \"Last name\", \"Staff status\", \"Groups\"]}}]"}}, {"model": "admin.logentry", "pk": 196, "fields": {"action_time": "2020-07-03T20:52:24.897", "user": 1, "content_type": 4, "object_id": "38", "object_repr": "farahani", "action_flag": 1, "change_message": "[{\"added\": {}}, {\"added\": {\"name\": \"teacher\", \"object\": \"gholamreza farahani\"}}]"}}, {"model": "admin.logentry", "pk": 197, "fields": {"action_time": "2020-07-03T20:52:53.445", "user": 1, "content_type": 4, "object_id": "38", "object_repr": "farahani", "action_flag": 2, "change_message": "[{\"changed\": {\"fields\": [\"First name\", \"Last name\", \"Staff status\", \"Groups\"]}}]"}}, {"model": "admin.logentry", "pk": 198, "fields": {"action_time": "2020-07-03T20:53:31.841", "user": 1, "content_type": 4, "object_id": "39", "object_repr": "salehi", "action_flag": 1, "change_message": "[{\"added\": {}}, {\"added\": {\"name\": \"teacher\", \"object\": \"saleh salehi\"}}]"}}, {"model": "admin.logentry", "pk": 199, "fields": {"action_time": "2020-07-03T20:53:51.065", "user": 1, "content_type": 4, "object_id": "39", "object_repr": "salehi", "action_flag": 2, "change_message": "[{\"changed\": {\"fields\": [\"First name\", \"Last name\", \"Staff status\", \"Groups\"]}}]"}}, {"model": "admin.logentry", "pk": 200, "fields": {"action_time": "2020-07-03T20:54:55.058", "user": 1, "content_type": 4, "object_id": "40", "object_repr": "tehrani", "action_flag": 1, "change_message": "[{\"added\": {}}, {\"added\": {\"name\": \"teacher\", \"object\": \"saman tehrani\"}}]"}}, {"model": "admin.logentry", "pk": 201, "fields": {"action_time": "2020-07-03T20:55:16.668", "user": 1, "content_type": 4, "object_id": "40", "object_repr": "tehrani", "action_flag": 2, "change_message": "[{\"changed\": {\"fields\": [\"First name\", \"Last name\", \"Staff status\", \"Groups\"]}}]"}}, {"model": "admin.logentry", "pk": 202, "fields": {"action_time": "2020-07-03T20:56:01.956", "user": 1, "content_type": 4, "object_id": "41", "object_repr": "shirazi", "action_flag": 1, "change_message": "[{\"added\": {}}, {\"added\": {\"name\": \"teacher\", \"object\": \"mahdi shirazi\"}}]"}}, {"model": "admin.logentry", "pk": 203, "fields": {"action_time": "2020-07-03T20:56:30.102", "user": 1, "content_type": 4, "object_id": "41", "object_repr": "shirazi", "action_flag": 2, "change_message": "[{\"changed\": {\"fields\": [\"First name\", \"Last name\", \"Staff status\", \"Groups\"]}}]"}}, {"model": "admin.logentry", "pk": 204, "fields": {"action_time": "2020-07-03T20:57:28.594", "user": 1, "content_type": 4, "object_id": "42", "object_repr": "azari", "action_flag": 1, "change_message": "[{\"added\": {}}, {\"added\": {\"name\": \"teacher\", \"object\": \"ramtin azari\"}}]"}}, {"model": "admin.logentry", "pk": 205, "fields": {"action_time": "2020-07-03T20:57:51.369", "user": 1, "content_type": 4, "object_id": "42", "object_repr": "azari", "action_flag": 2, "change_message": "[{\"changed\": {\"fields\": [\"First name\", \"Last name\", \"Staff status\", \"Groups\"]}}]"}}, {"model": "admin.logentry", "pk": 206, "fields": {"action_time": "2020-07-03T20:58:47.970", "user": 1, "content_type": 4, "object_id": "43", "object_repr": "salmani", "action_flag": 1, "change_message": "[{\"added\": {}}, {\"added\": {\"name\": \"teacher\", \"object\": \"ahmad salmani\"}}]"}}, {"model": "admin.logentry", "pk": 207, "fields": {"action_time": "2020-07-03T20:59:07.952", "user": 1, "content_type": 4, "object_id": "43", "object_repr": "salmani", "action_flag": 2, "change_message": "[{\"changed\": {\"fields\": [\"First name\", \"Last name\", \"Staff status\", \"Groups\"]}}]"}}, {"model": "admin.logentry", "pk": 208, "fields": {"action_time": "2020-07-03T20:59:58.672", "user": 1, "content_type": 14, "object_id": "1", "object_repr": "science prepration", "action_flag": 1, "change_message": "[{\"added\": {}}]"}}, {"model": "admin.logentry", "pk": 209, "fields": {"action_time": "2020-07-03T21:00:28.233", "user": 1, "content_type": 13, "object_id": "16", "object_repr": "0.0", "action_flag": 1, "change_message": "[{\"added\": {}}]"}}, {"model": "admin.logentry", "pk": 210, "fields": {"action_time": "2020-07-03T21:00:39.863", "user": 1, "content_type": 13, "object_id": "17", "object_repr": "20.0", "action_flag": 1, "change_message": "[{\"added\": {}}]"}}, {"model": "admin.logentry", "pk": 211, "fields": {"action_time": "2020-07-03T21:00:51.459", "user": 1, "content_type": 13, "object_id": "18", "object_repr": "15.0", "action_flag": 1, "change_message": "[{\"added\": {}}]"}}, {"model": "admin.logentry", "pk": 212, "fields": {"action_time": "2020-07-03T21:01:02.841", "user": 1, "content_type": 13, "object_id": "19", "object_repr": "16.0", "action_flag": 1, "change_message": "[{\"added\": {}}]"}}, {"model": "admin.logentry", "pk": 213, "fields": {"action_time": "2020-07-03T21:01:19.168", "user": 1, "content_type": 13, "object_id": "20", "object_repr": "17.75", "action_flag": 1, "change_message": "[{\"added\": {}}]"}}, {"model": "admin.logentry", "pk": 214, "fields": {"action_time": "2020-07-03T21:01:47.590", "user": 1, "content_type": 13, "object_id": "21", "object_repr": "18.0", "action_flag": 1, "change_message": "[{\"added\": {}}]"}}, {"model": "admin.logentry", "pk": 215, "fields": {"action_time": "2020-07-03T21:02:11.620", "user": 1, "content_type": 14, "object_id": "2", "object_repr": "math midterm", "action_flag": 1, "change_message": "[{\"added\": {}}]"}}, {"model": "admin.logentry", "pk": 216, "fields": {"action_time": "2020-07-03T21:02:33.410", "user": 1, "content_type": 13, "object_id": "22", "object_repr": "9.5", "action_flag": 1, "change_message": "[{\"added\": {}}]"}}, {"model": "admin.logentry", "pk": 217, "fields": {"action_time": "2020-07-03T21:02:49.479", "user": 1, "content_type": 13, "object_id": "23", "object_repr": "17.0", "action_flag": 1, "change_message": "[{\"added\": {}}]"}}, {"model": "admin.logentry", "pk": 218, "fields": {"action_time": "2020-07-03T21:03:01.964", "user": 1, "content_type": 13, "object_id": "24", "object_repr": "19.75", "action_flag": 1, "change_message": "[{\"added\": {}}]"}}, {"model": "admin.logentry", "pk": 219, "fields": {"action_time": "2020-07-03T21:03:17.455", "user": 1, "content_type": 13, "object_id": "21", "object_repr": "18.0", "action_flag": 3, "change_message": ""}}, {"model": "admin.logentry", "pk": 220, "fields": {"action_time": "2020-07-03T21:03:28.227", "user": 1, "content_type": 13, "object_id": "25", "object_repr": "18.0", "action_flag": 1, "change_message": "[{\"added\": {}}]"}}, {"model": "admin.logentry", "pk": 221, "fields": {"action_time": "2020-07-03T21:03:41.143", "user": 1, "content_type": 13, "object_id": "26", "object_repr": "15.25", "action_flag": 1, "change_message": "[{\"added\": {}}]"}}, {"model": "admin.logentry", "pk": 222, "fields": {"action_time": "2020-07-03T21:03:56.304", "user": 1, "content_type": 13, "object_id": "27", "object_repr": "11.0", "action_flag": 1, "change_message": "[{\"added\": {}}]"}}, {"model": "admin.logentry", "pk": 223, "fields": {"action_time": "2020-07-05T21:38:08.912", "user": 1, "content_type": 4, "object_id": "44", "object_repr": "youna_jasbi", "action_flag": 1, "change_message": "[{\"added\": {}}, {\"added\": {\"name\": \"student\", \"object\": \"jasbi\"}}]"}}, {"model": "admin.logentry", "pk": 224, "fields": {"action_time": "2020-07-05T21:38:26.034", "user": 1, "content_type": 4, "object_id": "44", "object_repr": "youna_jasbi", "action_flag": 2, "change_message": "[{\"changed\": {\"fields\": [\"First name\", \"Last name\", \"Staff status\", \"Groups\"]}}]"}}, {"model": "admin.logentry", "pk": 225, "fields": {"action_time": "2020-07-05T21:39:45.389", "user": 32, "content_type": 14, "object_id": "3", "object_repr": "mianterm riazi", "action_flag": 1, "change_message": "[{\"added\": {}}]"}}, {"model": "admin.logentry", "pk": 226, "fields": {"action_time": "2020-07-05T21:40:10.797", "user": 32, "content_type": 13, "object_id": "28", "object_repr": "10.5", "action_flag": 1, "change_message": "[{\"added\": {}}]"}}, {"model": "admin.logentry", "pk": 227, "fields": {"action_time": "2020-07-05T21:43:35.832", "user": 32, "content_type": 13, "object_id": "28", "object_repr": "12.0", "action_flag": 2, "change_message": "[{\"changed\": {\"fields\": [\"Score\"]}}]"}}, {"model": "admin.logentry", "pk": 228, "fields": {"action_time": "2020-07-06T15:24:42.577", "user": 1, "content_type": 4, "object_id": "45", "object_repr": "kourosh_m", "action_flag": 1, "change_message": "[{\"added\": {}}, {\"added\": {\"name\": \"student\", \"object\": \"mamouri\"}}]"}}, {"model": "admin.logentry", "pk": 229, "fields": {"action_time": "2020-07-06T15:25:18.046", "user": 1, "content_type": 4, "object_id": "45", "object_repr": "kourosh_m", "action_flag": 2, "change_message": "[{\"changed\": {\"fields\": [\"First name\", \"Last name\", \"Staff status\", \"Groups\"]}}]"}}, {"model": "admin.logentry", "pk": 230, "fields": {"action_time": "2020-07-06T15:26:02.568", "user": 32, "content_type": 13, "object_id": "29", "object_repr": "99.0", "action_flag": 1, "change_message": "[{\"added\": {}}]"}}, {"model": "polls.score", "pk": 16, "fields": {"exam": 1, "student": 5, "user": 12, "score": 0.0}}, {"model": "polls.score", "pk": 17, "fields": {"exam": 1, "student": 6, "user": 13, "score": 20.0}}, {"model": "polls.score", "pk": 18, "fields": {"exam": 1, "student": 7, "user": 14, "score": 15.0}}, {"model": "polls.score", "pk": 19, "fields": {"exam": 1, "student": 8, "user": 15, "score": 16.0}}, {"model": "polls.score", "pk": 20, "fields": {"exam": 1, "student": 9, "user": 16, "score": 17.75}}, {"model": "polls.score", "pk": 22, "fields": {"exam": 2, "student": 5, "user": 12, "score": 9.5}}, {"model": "polls.score", "pk": 23, "fields": {"exam": 2, "student": 6, "user": 13, "score": 17.0}}, {"model": "polls.score", "pk": 24, "fields": {"exam": 2, "student": 8, "user": 15, "score": 19.75}}, {"model": "polls.score", "pk": 25, "fields": {"exam": 1, "student": 18, "user": 25, "score": 18.0}}, {"model": "polls.score", "pk": 26, "fields": {"exam": 2, "student": 9, "user": 16, "score": 15.25}}, {"model": "polls.score", "pk": 27, "fields": {"exam": 2, "student": 18, "user": 25, "score": 11.0}}, {"model": "polls.score", "pk": 28, "fields": {"exam": 3, "student": 9, "user": 16, "score": 12.0}}, {"model": "polls.score", "pk": 29, "fields": {"exam": 2, "student": 26, "user": 45, "score": 99.0}}, {"model": "polls.student", "pk": 5, "fields": {"student_name": "reza", "student_last_name": "farhadi", "student_age": 15, "student_class": 9, "user": 12}}, {"model": "polls.student", "pk": 6, "fields": {"student_name": "asghar", "student_last_name": "hashemi", "student_age": 15, "student_class": 9, "user": 13}}, {"model": "polls.student", "pk": 7, "fields": {"student_name": "ghasem", "student_last_name": "babaii", "student_age": 14, "student_class": 9, "user": 14}}, {"model": "polls.student", "pk": 8, "fields": {"student_name": "sina", "student_last_name": "tavasoli", "student_age": 14, "student_class": 9, "user": 15}}, {"model": "polls.student", "pk": 9, "fields": {"student_name": "ali", "student_last_name": "ahangar", "student_age": 15, "student_class": 9, "user": 16}}, {"model": "polls.student", "pk": 10, "fields": {"student_name": "ilia", "student_last_name": "khayatan", "student_age": 14, "student_class": 12, "user": 17}}, {"model": "polls.student", "pk": 11, "fields": {"student_name": "sam", "student_last_name": "shojaii", "student_age": 13, "student_class": 12, "user": 18}}, {"model": "polls.student", "pk": 12, "fields": {"student_name": "mahdi", "student_last_name": "saadat", "student_age": 13, "student_class": 12, "user": 19}}, {"model": "polls.student", "pk": 13, "fields": {"student_name": "radin", "student_last_name": "moosavi", "student_age": 14, "student_class": 12, "user": 20}}, {"model": "polls.student", "pk": 14, "fields": {"student_name": "artin", "student_last_name": "farhadi", "student_age": 13, "student_class": 12, "user": 21}}, {"model": "polls.student", "pk": 15, "fields": {"student_name": "morteza", "student_last_name": "mamoori", "student_age": 15, "student_class": 8, "user": 22}}, {"model": "polls.student", "pk": 16, "fields": {"student_name": "farzad", "student_last_name": "talebi", "student_age": 15, "student_class": 8, "user": 23}}, {"model": "polls.student", "pk": 17, "fields": {"student_name": "amir reza", "student_last_name": "keshavarz", "student_age": 15, "student_class": 8, "user": 24}}, {"model": "polls.student", "pk": 18, "fields": {"student_name": "jamshid", "student_last_name": "rezaii", "student_age": 14, "student_class": 8, "user": 25}}, {"model": "polls.student", "pk": 19, "fields": {"student_name": "farbod", "student_last_name": "hooshmand", "student_age": 14, "student_class": 8, "user": 26}}, {"model": "polls.student", "pk": 20, "fields": {"student_name": "rayan", "student_last_name": "rasooli", "student_age": 13, "student_class": 11, "user": 27}}, {"model": "polls.student", "pk": 21, "fields": {"student_name": "parsa", "student_last_name": "karimi", "student_age": 13, "student_class": 11, "user": 28}}, {"model": "polls.student", "pk": 22, "fields": {"student_name": "karim", "student_last_name": "parsaii", "student_age": 13, "student_class": 11, "user": 29}}, {"model": "polls.student", "pk": 23, "fields": {"student_name": "omid", "student_last_name": "zargar", "student_age": 14, "student_class": 11, "user": 30}}, {"model": "polls.student", "pk": 24, "fields": {"student_name": "khavar", "student_last_name": "khavari", "student_age": 14, "student_class": 11, "user": 31}}, {"model": "polls.student", "pk": 25, "fields": {"student_name": "youna", "student_last_name": "jasbi", "student_age": 11, "student_class": 8, "user": 44}}, {"model": "polls.student", "pk": 26, "fields": {"student_name": "kourosh", "student_last_name": "mamouri", "student_age": 15, "student_class": 8, "user": 45}}, {"model": "polls.teacher", "pk": 1, "fields": {"teacher_full_name": "reza maleki", "teacher_age": 44, "teacher_subject": 2, "teacher_class": 8, "user": 32}}, {"model": "polls.teacher", "pk": 2, "fields": {"teacher_full_name": "amir taheri", "teacher_age": 45, "teacher_subject": 2, "teacher_class": 9, "user": 33}}, {"model": "polls.teacher", "pk": 3, "fields": {"teacher_full_name": "amin kashani", "teacher_age": 45, "teacher_subject": 2, "teacher_class": 11, "user": 34}}, {"model": "polls.teacher", "pk": 4, "fields": {"teacher_full_name": "ali khaanzad", "teacher_age": 44, "teacher_subject": 2, "teacher_class": 12, "user": 35}}, {"model": "polls.teacher", "pk": 5, "fields": {"teacher_full_name": "ahmad fazeli", "teacher_age": 45, "teacher_subject": 1, "teacher_class": 8, "user": 36}}, {"model": "polls.teacher", "pk": 6, "fields": {"teacher_full_name": "hasan shemshadi", "teacher_age": 46, "teacher_subject": 1, "teacher_class": 9, "user": 37}}, {"model": "polls.teacher", "pk": 7, "fields": {"teacher_full_name": "gholamreza farahani", "teacher_age": 45, "teacher_subject": 1, "teacher_class": 11, "user": 38}}, {"model": "polls.teacher", "pk": 8, "fields": {"teacher_full_name": "saleh salehi", "teacher_age": 44, "teacher_subject": 1, "teacher_class": 12, "user": 39}}, {"model": "polls.teacher", "pk": 9, "fields": {"teacher_full_name": "saman tehrani", "teacher_age": 60, "teacher_subject": 3, "teacher_class": 8, "user": 40}}, {"model": "polls.teacher", "pk": 10, "fields": {"teacher_full_name": "mahdi shirazi", "teacher_age": 60, "teacher_subject": 3, "teacher_class": 9, "user": 41}}, {"model": "polls.teacher", "pk": 11, "fields": {"teacher_full_name": "ramtin azari", "teacher_age": 55, "teacher_subject": 3, "teacher_class": 11, "user": 42}}, {"model": "polls.teacher", "pk": 12, "fields": {"teacher_full_name": "ahmad salmani", "teacher_age": 22, "teacher_subject": 3, "teacher_class": 12, "user": 43}}]